source_record_id,project_no_effective,country_ko,record_title,old_record_cost_status,old_project_technical_status,in_170_universe,exact_bid_overlap,new_project_grade,mapping_method,warning
15085055:91,2021-00042,우간다,"우간다 농업지도자 연수원 자립적 운영체계 구축 및 연수역량 강화사업('21·'28/1,200만불)",U-근거부족,U,1,L2023-00028-1;L2024-00050-1;L2025-00062-1,C,exact_bid_no_or_exact_project_no,127 공식 원기록과 170 공고는 서로 다른 모집단
15085055:31,2022-00064,우간다,"우간다 마케레레대학교 ICT 교육환경 조성사업('23·'28/1,220만불)",U-근거부족,U,1,L2024-00072-1;L2025-00084-1,C,exact_bid_no_or_exact_project_no,127 공식 원기록과 170 공고는 서로 다른 모집단
15052832:654,2011-00051,우간다,우간다 과일가공공장 건립사업('11-'19/800만불)...,U-전체사업정보,U,0,,,not_mapped,127 공식 원기록과 170 공고는 서로 다른 모집단
15052832:653,2011-00052,우간다,우간다 농업지도자연수원 건립사업('11-'17/440만불)...,U-전체사업정보,U,0,,,not_mapped,127 공식 원기록과 170 공고는 서로 다른 모집단
15052832:509,2015-00034,우간다,우간다 새마을운동 시범마을 건립사업('15-'18/295만불)...,U-전체사업정보,U,0,,,not_mapped,127 공식 원기록과 170 공고는 서로 다른 모집단
15052832:664,2011-00024,우간다,우간다 직업훈련원 건립사업('11-'18/579만불)...,U-전체사업정보,U,0,,,not_mapped,127 공식 원기록과 170 공고는 서로 다른 모집단
15073135:83,2023-00098,몽골,몽골 자동차 검사역량 제고 및 시설 개선을 통한 교통안전 강화 사업 시스템 구축 감리 용역,X-용역계약,U,0,,,not_mapped,127 공식 원기록과 170 공고는 서로 다른 모집단
15073135:42,2021-00085,우즈베키스탄,우즈베키스탄 유아교사 역량강화 및 유아교육진흥센터 건립사업 유아체험관 체험시설 설계 및 제작설치,X-용역계약,U,0,,,not_mapped,127 공식 원기록과 170 공고는 서로 다른 모집단
15073135:43,2021-00085,우즈베키스탄,우즈베키스탄 유아교사 역량강화 및 유아교육진흥센터 건립사업 유아체험관 체험시설 설계 및 제작설치,X-용역계약,U,0,,,not_mapped,127 공식 원기록과 170 공고는 서로 다른 모집단
15085055:80,2024-00089,DR콩고,DR콩고 북카탕가주 감염병 감시 역량 강화사업('24·'27/600만불),X-설계·감리·기타용역,U,0,,,not_mapped,127 공식 원기록과 170 공고는 서로 다른 모집단
15085055:153,2021-00016,가나,가나대학교 연구 및 ICT 혁신센터 건립 사업('21·'26/900만불),A,A,1,L2025-00018-1,A,exact_bid_no_or_exact_project_no,127 공식 원기록과 170 공고는 서로 다른 모집단
15085055:263,2021-00016,가나,가나대학교 연구 및 ICT 혁신센터 건립 사업(21·26/900만불) 건축 감리 용역,X-설계·감리·기타용역,A,1,L2025-00018-1,A,exact_bid_no_or_exact_project_no,127 공식 원기록과 170 공고는 서로 다른 모집단
15085055:238,,과테말라,과테말라 경찰 치안역량 강화를 위한 경찰고등교육원 개선 사업('24·'29/800만불),X-설계·감리·기타용역,U,0,,,not_mapped,127 공식 원기록과 170 공고는 서로 다른 모집단
15085055:209,2024-00053,네팔,네팔 간다키 지역 기술교육학교 건립사업(2024·2030/900만불) 사업수행용역자(PMC) 선정을 위한 입찰,X-설계·감리·기타용역,U,0,,,not_mapped,127 공식 원기록과 170 공고는 서로 다른 모집단
15085055:144,2024-00053,네팔,네팔 간다키 지역 기술교육학교 건립사업(2024·2030/900만불) 설계감리사 용역 선정을 위한 입찰,X-설계·감리·기타용역,U,0,,,not_mapped,127 공식 원기록과 170 공고는 서로 다른 모집단
15085055:103,2020-00070,도미니카공화국,도미니카공화국 몬테 크리스티 직업훈련센터 (MVC) 감리사 선정,X-설계·감리·기타용역,B-부분,1,L2022-00059-1;L2023-00040-1;L2024-00078-1;L2025-00007-1;L2025-00007-2;L2025-00010-1;L2025-00038-1,B-부분,exact_bid_no_or_exact_project_no,127 공식 원기록과 170 공고는 서로 다른 모집단
15085055:325,2020-00070,도미니카공화국,도미니카공화국 여성 중심 취약계층 사회.경제적 역량강화사업 몬테 크리스티 직업훈련센터 (MVC) 시공사 선정 현지입찰,B-부분,B-부분,1,L2022-00059-1;L2023-00040-1;L2024-00078-1;L2025-00007-1;L2025-00007-2;L2025-00010-1;L2025-00038-1,B-부분,exact_bid_no_or_exact_project_no,127 공식 원기록과 170 공고는 서로 다른 모집단
15085055:186,2020-00070,도미니카공화국,도미니카공화국 여성 중심 취약계층 사회.경제적 역량강화사업(20·26/550만불) 2차 PMC 용역,X-설계·감리·기타용역,B-부분,1,L2022-00059-1;L2023-00040-1;L2024-00078-1;L2025-00007-1;L2025-00007-2;L2025-00010-1;L2025-00038-1,B-부분,exact_bid_no_or_exact_project_no,127 공식 원기록과 170 공고는 서로 다른 모집단
15085055:170,2020-00070,도미니카공화국,도미니카공화국 여성 중심 취약계층 사회.경제적 역량강화사업(20·26/550만불) 몬테크리스티 직업훈련센터(MVC) 감리사 선정,X-설계·감리·기타용역,B-부분,1,L2022-00059-1;L2023-00040-1;L2024-00078-1;L2025-00007-1;L2025-00007-2;L2025-00010-1;L2025-00038-1,B-부분,exact_bid_no_or_exact_project_no,127 공식 원기록과 170 공고는 서로 다른 모집단
15085055:156,2020-00070,도미니카공화국,도미니카공화국 여성 중심 취약계층 사회.경제적 역량강화사업(20·26/550만불) 하이나 직업훈련센터 리모델링 설계 용역,X-설계·감리·기타용역,B-부분,1,L2022-00059-1;L2023-00040-1;L2024-00078-1;L2025-00007-1;L2025-00007-2;L2025-00010-1;L2025-00038-1,B-부분,exact_bid_no_or_exact_project_no,127 공식 원기록과 170 공고는 서로 다른 모집단
15085055:218,2016-00024,동티모르,동티모르 베코라 기술고등학교 지원사업 사후지원 사업수행용역(PMC) 수행자 선정 입찰,X-설계·감리·기타용역,U,0,,,not_mapped,127 공식 원기록과 170 공고는 서로 다른 모집단
15085055:331,2013-00029,모잠비크,모잠비크 마톨라 산업학교 역량강화사업 사후지원 보수 공사,U-근거부족,U,0,,,not_mapped,127 공식 원기록과 170 공고는 서로 다른 모집단
15085055:277,,모잠비크,모잠비크 마푸투 주 초중통합학교 건립 및 역량강화 사업 PMC 용역,X-설계·감리·기타용역,U,0,,,not_mapped,127 공식 원기록과 170 공고는 서로 다른 모집단
15085055:284,2023-00098,몽골,몽골 자동차 검사역량 제고 및 시설 개선을 통한 교통안전 강화 사업 시스템 구축 감리 용역,X-설계·감리·기타용역,U,0,,,not_mapped,127 공식 원기록과 170 공고는 서로 다른 모집단
15085055:76,2023-00098,몽골,"몽골 자동차 검사역량 제고 및 시설 개선을 통한 교통안전 강화 사업('23·'27/1,300만불)",U-근거부족,U,0,,,not_mapped,127 공식 원기록과 170 공고는 서로 다른 모집단
15085055:168,,방글라데시,"방글라데시 선진시장형 기술인력 양성을 위한 차토그램 한방직업훈련원 직업훈련체계 현대화('24·'27/1,000만불)",X-설계·감리·기타용역,U,0,,,not_mapped,127 공식 원기록과 170 공고는 서로 다른 모집단
15085055:289,,베트남,"베트남 메콩유역 롱안성 생활폐기물 분리배출 및 자원순환 촉진 사업('24·'28/1,083만불) 감리 용역",X-설계·감리·기타용역,U,0,,,not_mapped,127 공식 원기록과 170 공고는 서로 다른 모집단
15085055:291,,베트남,"베트남 메콩유역 롱안성 생활폐기물 분리배출 및 자원순환 촉진 사업('24·'28/1,083만불) 건축 및 토목 시공 용역",U-근거부족,U,0,,,not_mapped,127 공식 원기록과 170 공고는 서로 다른 모집단
15085055:290,,베트남,"베트남 메콩유역 롱안성 생활폐기물 분리배출 및 자원순환 촉진 사업('24·'28/1,083만불) 시공 용역",U-근거부족,U,0,,,not_mapped,127 공식 원기록과 170 공고는 서로 다른 모집단
15085055:150,2022-00097,베트남,베트남 한베 ICT 대학교 교육역량 강화 지원사업 스마트 캠퍼스 구축 물품(소프트웨어) 현지구매 계약,X-물품,U,0,,,not_mapped,127 공식 원기록과 170 공고는 서로 다른 모집단
15085055:193,,베트남,베트남 후에시 문화관광 스마트시티 조성 지원사업의 다비엔섬 스마트 복합문화공간 및 보행교량 건축시공,U-근거부족,U,0,,,not_mapped,127 공식 원기록과 170 공고는 서로 다른 모집단
15085055:261,,볼리비아,볼리비아 감자생산 선진화를 위한 스마트팜 적용 시범사업 현지 설계사,X-설계·감리·기타용역,U,0,,,not_mapped,127 공식 원기록과 170 공고는 서로 다른 모집단
15085055:159,2013-00064,볼리비아,볼리비아 고원 지역 농업 기계화 및 농민역량 강화를 통한 생산성 증대 사업 퀴노아 연구센터 차칼라 건립 공사 시공사 선정 현지 입찰,B,B,1,L2025-00012-1;L2025-00012-2,B,exact_bid_no_or_exact_project_no,127 공식 원기록과 170 공고는 서로 다른 모집단
15085055:107,2022-00038,볼리비아,볼리비아 라파스주 임상병리검사실체계 강화사업 감염의학연구소 구축 감리사 선정,X-설계·감리·기타용역,U,1,L2023-00070-1;L2023-00070-2,X,exact_bid_no_or_exact_project_no,127 공식 원기록과 170 공고는 서로 다른 모집단
15085055:132,2023-00004,볼리비아,볼리비아 엘알또시 모성보건센터 신축/보수공사 설계사 선정,X-설계·감리·기타용역,U,1,L2025-00078-1,C-부분,exact_bid_no_or_exact_project_no,127 공식 원기록과 170 공고는 서로 다른 모집단
15085055:129,,볼리비아,볼리비아 오루로 주 응급의료통제센터 설립 및 강화 사업('24·'28/650만불) 설계 용역,X-설계·감리·기타용역,U,0,,,not_mapped,127 공식 원기록과 170 공고는 서로 다른 모집단
15085055:130,2024-00006,볼리비아,볼리비아 추키사카주 과학수사기관 신축공사 설계사 입찰,X-설계·감리·기타용역,U,0,,,not_mapped,127 공식 원기록과 170 공고는 서로 다른 모집단
15085055:248,2022-00003,세네갈,세네갈 국가공중보건 실험실 역량강화사업('22·'26/600만불) 실험실 리모델링 시공 용역,U-근거부족,U,1,L2025-00106-1,X,exact_bid_no_or_exact_project_no,127 공식 원기록과 170 공고는 서로 다른 모집단
15085055:16,2022-00003,세네갈,세네갈 국가공중보건 실험실 역량강화사업(22·26/600만불) 실험실 리모델링 시공 감리 용역,U-근거부족,U,1,L2025-00106-1,X,exact_bid_no_or_exact_project_no,127 공식 원기록과 170 공고는 서로 다른 모집단
15085055:78,,세네갈,"세네갈 남부지역 농업기술 역량강화사업('25·'29/1,000만불)",U-근거부족,U,0,,,not_mapped,127 공식 원기록과 170 공고는 서로 다른 모집단
15085055:152,2020-00048,세네갈,"세네갈 미곡가치사슬 강화 2차 사업('20·'26/1,100만불)",X-설계·감리·기타용역,U,1,L2024-00062-1;L2025-00021-1,U,exact_bid_no_or_exact_project_no,127 공식 원기록과 170 공고는 서로 다른 모집단
15085055:95,,세네갈,세네갈 중부지역 모자보건체계 강화사업 2단계(24·28/1250만불) 보건소 설계 용역,X-설계·감리·기타용역,U,0,,,not_mapped,127 공식 원기록과 170 공고는 서로 다른 모집단
15085055:79,2023-00061,세네갈,"세네갈 콜다 주 통합적 접근을 통한 미곡가치사슬 강화사업('23·'28/1,450만불)",X-설계·감리·기타용역,U,0,,,not_mapped,127 공식 원기록과 170 공고는 서로 다른 모집단
15085055:194,2016-00062,솔로몬군도,솔로몬군도 국립대학교 수산인력양성 지원사업(‘14·’18/500만불),U-근거부족,U,0,,,not_mapped,127 공식 원기록과 170 공고는 서로 다른 모집단
15085055:1,2025-00099,알제리,알제리 경찰청 과학수사역량강화사업 과학실험실 실시설계 감리 용역,X-설계·감리·기타용역,U,0,,,not_mapped,127 공식 원기록과 170 공고는 서로 다른 모집단
15085055:350,2022-00039,에콰도르,에콰도르 생물다양성 보전과 지속가능한 이용을 위한 국가 유전자원 데이터 은행 설립사업('22·'28/900만불) 리모델링 시공 감리 용역,X-설계·감리·기타용역,U,0,,,not_mapped,127 공식 원기록과 170 공고는 서로 다른 모집단
15085055:351,2022-00039,에콰도르,에콰도르 생물다양성 보전과 지속가능한 이용을 위한 국가 유전자원 데이터 은행 설립사업('22·'28/900만불) 리모델링 시공 용역,U-근거부족,U,0,,,not_mapped,127 공식 원기록과 170 공고는 서로 다른 모집단
15085055:224,2022-00040,에콰도르,에콰도르 쿠엔카시 순환경제를 위한 폐기물 통합 관리 및 자원순환 역량강화사업 피차카이 자원집적단지 3개시설 설계,X-설계·감리·기타용역,U,0,,,not_mapped,127 공식 원기록과 170 공고는 서로 다른 모집단
15085055:73,,에티오피아,"에티오피아 낙농가치사슬 및 이해관계자 역량강화를 통한 유제품 품질 개선사업('23·'28/1,000만불)",U-근거부족,U,0,,,not_mapped,127 공식 원기록과 170 공고는 서로 다른 모집단
15085055:247,,엘살바도르,엘살바도르 산살바도르 도시교통 마스터플랜 수립 및 버스관리정보시스템 구축사업(시범시스템) 시스템개발 PC용역,X-설계·감리·기타용역,U,0,,,not_mapped,127 공식 원기록과 170 공고는 서로 다른 모집단
15085055:363,2021-00085,우즈베키스탄,우즈베키스탄 교수학습개발복합센터 건립을 통한 유아교사 역량강화사업 전시 계획 및 설치용역,X-설계·감리·기타용역,U,0,,,not_mapped,127 공식 원기록과 170 공고는 서로 다른 모집단
15085055:279,,우즈베키스탄,우즈베키스탄 세계경제외교대학(UWED) 사이버대학 설립을 위한 온라인교육 제도 구축 및 환경 조성 사업(25·29/690만불) PMC 용역,X-설계·감리·기타용역,U,0,,,not_mapped,127 공식 원기록과 170 공고는 서로 다른 모집단
15085055:180,2020-00086,우즈베키스탄,"우즈베키스탄 우르겐치 직업훈련원 건립 및 직업훈련 제도역량 공고화 지원 사업(20·25/1,400만불) 가구 공급 및 설치",X-물품,B,1,L2022-00003-1;L2023-00007-1;L2023-00036-1;L2023-00053-1,B,exact_bid_no_or_exact_project_no,127 공식 원기록과 170 공고는 서로 다른 모집단
15085055:179,2020-00086,우즈베키스탄,"우즈베키스탄 우르겐치 직업훈련원 건립 및 직업훈련 제도역량 공고화 지원 사업(20·25/1,400만불) 기자재 공급 및 설치",X-물품,B,1,L2022-00003-1;L2023-00007-1;L2023-00036-1;L2023-00053-1,B,exact_bid_no_or_exact_project_no,127 공식 원기록과 170 공고는 서로 다른 모집단
15085055:66,2021-00085,우즈베키스탄,"우즈베키스탄 유아교사 역량강화 및 유아교육진흥센터 건립사업('21·'26/1,199만불)",U-근거부족,U,0,,,not_mapped,127 공식 원기록과 170 공고는 서로 다른 모집단
15085055:265,,우크라이나,"우크라이나 국립아동병원 오흐마디트 소아 트라우마 및 재활의료 서비스 강화 사업('25·'28/1,400만불)",X-설계·감리·기타용역,U,0,,,not_mapped,127 공식 원기록과 170 공고는 서로 다른 모집단
15085055:104,2023-00096,우크라이나,우크라이나 키이우주 재활의료 역량강화 사업('23·'27/500만불),X-설계·감리·기타용역,U,0,,,not_mapped,127 공식 원기록과 170 공고는 서로 다른 모집단
15085055:267,2023-00096,우크라이나,우크라이나 키이우주 재활의료 역량강화 사업('23·'27/500만불) 설계 용역,X-설계·감리·기타용역,U,0,,,not_mapped,127 공식 원기록과 170 공고는 서로 다른 모집단
15085055:105,2023-00087,이라크,"이라크 쿠르드 지역학교 내 난민통합교육 강화사업 (23·28/1,200만불) 설계",X-설계·감리·기타용역,B-부분,1,L2025-00045-1;L2025-00045-2,X,exact_bid_no_or_exact_project_no,127 공식 원기록과 170 공고는 서로 다른 모집단
15085055:114,2020-00119,이라크,"이라크 한·이라크 심장병 어린이 전문 병원 건립사업('20·'30/2,793만불)",A-부분,A-부분,1,L2025-00070-1;L2025-00071-1;L2025-00085-1,A-부분,exact_bid_no_or_exact_project_no,127 공식 원기록과 170 공고는 서로 다른 모집단
15085055:185,2021-00009,인도네시아,인도네시아 국립대학교 ICT기반 통합지식교육센터 구축 사업(21·26/985만불) 시공 용역,C?,C?,0,,,not_mapped,127 공식 원기록과 170 공고는 서로 다른 모집단
15085055:40,2021-00156,인도네시아,"인도네시아 보고르대학교 농업생명과학연구센터 역량강화 사업(21·28/1,100만불)",C?,C?,0,,,not_mapped,127 공식 원기록과 170 공고는 서로 다른 모집단
15085055:294,2022-00079,인도네시아,인도네시아 사이버보안 전문인력양성 역량강화사업('22·'27/740만불) 사이버보안 훈련센터 신축공사 시공사 선정,U-근거부족,U,1,L2025-00002-1,C,exact_bid_no_or_exact_project_no,127 공식 원기록과 170 공고는 서로 다른 모집단
15085055:19,2022-00084,인도네시아,"인도네시아 재난대응 공공의료 훈련 역량강화사업('22·'28/1,200만불)",X-설계·감리·기타용역,U,0,,,not_mapped,127 공식 원기록과 170 공고는 서로 다른 모집단
15085055:342,2023-00084,카메룬,"카메룬 응급의료체계 구축 사업('23·'28/1,400만불) 건축 설계 용역",X-설계·감리·기타용역,U,0,,,not_mapped,127 공식 원기록과 170 공고는 서로 다른 모집단
15085055:116,2022-00142,카메룬,카메룬 전자정부 인식개선 및 역량강화 사업 신축 시공 용역,U-근거부족,U,0,,,not_mapped,127 공식 원기록과 170 공고는 서로 다른 모집단
15085055:357,2022-00142,카메룬,카메룬 전자정부 인식개선 및 역량강화 사업('22·'26/823만불),X-설계·감리·기타용역,U,0,,,not_mapped,127 공식 원기록과 170 공고는 서로 다른 모집단
15085055:339,2022-00027,캄보디아,"캄보디아 국립소아병원 내과계 병동건립 및 의료인력 역량강화사업(22·27/1,600만불) 시공입찰",B,B,1,L2025-00073-1,B,exact_bid_no_or_exact_project_no,127 공식 원기록과 170 공고는 서로 다른 모집단
15085055:178,2024-00015,캄보디아,캄보디아 당까오 후송병원 공공의료서비스 개선사업 병원설계용역,X-설계·감리·기타용역,U,1,L2025-00036-1,C,exact_bid_no_or_exact_project_no,127 공식 원기록과 170 공고는 서로 다른 모집단
15085055:71,2024-02690,케냐,"케냐 분고마 주 보편적 식수접근성 향상을 위한 상수도 구축 및 통합적 운영관리 역량강화사업(25·32/1,300만불) PMC 용역",X-설계·감리·기타용역,U,0,,,not_mapped,127 공식 원기록과 170 공고는 서로 다른 모집단
15085055:125,,케냐,케냐 청년 생산적 고용 및 소득 증대를 위한 국가산업훈련청 아띠리버 센터 역량강화사업('24·'28/700만불) PMC 용역,X-설계·감리·기타용역,U,0,,,not_mapped,127 공식 원기록과 170 공고는 서로 다른 모집단
15085055:264,2024-00029,코트디부아르,코트디부아르 지역균형발전을 위한 중부지역 직업전문학교 역량강화사업 설계 및 감리 용역,X-설계·감리·기타용역,U,0,,,not_mapped,127 공식 원기록과 170 공고는 서로 다른 모집단
15085055:92,2024-00029,코트디부아르,"코트디부아르 지역균형발전을 위한 중부지역 직업전문학교 역량강화사업('24·'29/1,100만불)",X-설계·감리·기타용역,U,0,,,not_mapped,127 공식 원기록과 170 공고는 서로 다른 모집단
15085055:337,2023-00067,코트디부아르,코트디부아르 펠릭스 우푸에 부아니대학교 ICT 교육역량 강화 및 ICT 혁신센터 설립 사업('23·'27/995만불) 리모델링 시공,U-근거부족,U,1,L2024-00048-1;L2024-00056-1;L2024-00056-2;L2025-00052-1,C,exact_bid_no_or_exact_project_no,127 공식 원기록과 170 공고는 서로 다른 모집단
15085055:169,,콜롬비아,콜롬비아 다목적지적을 위한 공간정보 역량강화 체계 구축사업(24·26/600만불) PMC 용역,X-설계·감리·기타용역,U,0,,,not_mapped,127 공식 원기록과 170 공고는 서로 다른 모집단
15085055:269,2023-00030,키르기스스탄,키르기스스탄 가축 품종개량 및 인공수정인력 역량강화사업 바이오센터 리모델링 및 연수센터 신축 기술감리,X-설계·감리·기타용역,C?,1,L2024-00041-1,X,exact_bid_no_or_exact_project_no,127 공식 원기록과 170 공고는 서로 다른 모집단
15085055:271,2023-00030,키르기스스탄,키르기스스탄 가축 품종개량 및 인공수정인력 역량강화사업 바이오센터 리모델링 시공,U-근거부족,C?,1,L2024-00041-1,X,exact_bid_no_or_exact_project_no,127 공식 원기록과 170 공고는 서로 다른 모집단
15085055:266,2023-00030,키르기스스탄,키르기스스탄 가축 품종개량 및 인공수정인력 역량강화사업 연수센터 신축 기술감리 현지입찰,X-설계·감리·기타용역,C?,1,L2024-00041-1,X,exact_bid_no_or_exact_project_no,127 공식 원기록과 170 공고는 서로 다른 모집단
15085055:268,2023-00030,키르기스스탄,키르기스스탄 가축 품종개량 및 인공수정인력 역량강화사업 연수센터 신축 현지입찰,C?,C?,1,L2024-00041-1,X,exact_bid_no_or_exact_project_no,127 공식 원기록과 170 공고는 서로 다른 모집단
15085055:61,2023-00027,키르기스스탄,키르기스스탄 국회 디지털화 사업(23·27/840만불) 시공업체(PC) 선정,U-근거부족,U,0,,,not_mapped,127 공식 원기록과 170 공고는 서로 다른 모집단
15085055:70,2024-00105,키르기스스탄,키르기스스탄 디지털 전환을 위한 국가 정보화 역량 강화 사업('24·'27/700만불),X-설계·감리·기타용역,U,1,L2025-00097-1,C,exact_bid_no_or_exact_project_no,127 공식 원기록과 170 공고는 서로 다른 모집단
15085055:6,2019-03655,키르기스스탄,키르기스스탄 추이 주 교내 위생환경 개선사업 리모델링 시공업체 선정 현지입찰,U-근거부족,U,1,L2025-00099-1,C,exact_bid_no_or_exact_project_no,127 공식 원기록과 170 공고는 서로 다른 모집단
15085055:119,2019-03655,키르기스스탄,키르기스스탄 프로젝트봉사단 추이 주 교내 위생환경 개선사업 위생 및 보건시설 개보수 현지 설계 용역,X-설계·감리·기타용역,U,1,L2025-00099-1,C,exact_bid_no_or_exact_project_no,127 공식 원기록과 170 공고는 서로 다른 모집단
15085055:303,,타지키스탄,타지키스탄 섬유산업 전문기술인력 양성을 위한 섬유기술센터 설립 사업 PMC 선정,X-설계·감리·기타용역,U,0,,,not_mapped,127 공식 원기록과 170 공고는 서로 다른 모집단
15085055:346,2023-00100,탄자니아,탄자니아 도도마주 유수율 제고 시범모델 구축 및 상수도 시설 개선사업(23·26/382만불) 설계,X-설계·감리·기타용역,U,0,,,not_mapped,127 공식 원기록과 170 공고는 서로 다른 모집단
15085055:188,,탄자니아,"탄자니아 모로고로 주 폴리텍대학 건립 및 기술교육훈련 사업(25·30/1,950만불) PMC 용역",X-설계·감리·기타용역,U,0,,,not_mapped,127 공식 원기록과 170 공고는 서로 다른 모집단
15085055:109,,탄자니아,"탄자니아 프와니주 농촌지역 상수도 공급시설 구축 사업('25·'29/1,100만불) 설계 용역",X-설계·감리·기타용역,U,0,,,not_mapped,127 공식 원기록과 170 공고는 서로 다른 모집단
15085055:226,,튀니지,"튀니지 글로벌 공공조달교육원 건립 사업(25·30/1,100만불) PMC 용역 입찰",X-설계·감리·기타용역,U,0,,,not_mapped,127 공식 원기록과 170 공고는 서로 다른 모집단
15085055:157,2013-00059,파키스탄,파키스탄 국립섬유대학 산업용 섬유센터 설립사업 2차사업('22·'28/795만불) 감리용역,X-설계·감리·기타용역,U,0,,,not_mapped,127 공식 원기록과 170 공고는 서로 다른 모집단
15085055:162,2013-00059,파키스탄,파키스탄 국립섬유대학 산업용 섬유센터 설립사업 2차사업(22·28/795만불) 감리용역,X-설계·감리·기타용역,U,0,,,not_mapped,127 공식 원기록과 170 공고는 서로 다른 모집단
15085055:270,2013-00059,파키스탄,파키스탄 국립섬유대학 산업용 섬유센터 설립사업 2차사업(22·28/795만불) 공사,U-근거부족,U,0,,,not_mapped,127 공식 원기록과 170 공고는 서로 다른 모집단
15085055:213,2024-00107,파키스탄,파키스탄 펀잡주 물탄시티 기후변화 적응을 위한 홍수방재 마스터플랜 수립 및 우수저류시설 설치사업 설계 용역,X-설계·감리·기타용역,U,0,,,not_mapped,127 공식 원기록과 170 공고는 서로 다른 모집단
15085055:196,2022-00076,피지,"피지 국립재활센터 건립사업(22·27/1,000만불) 시공 용역",B,B,1,L2023-00038-1;L2025-00051-1;L2025-00051-2,B,exact_bid_no_or_exact_project_no,127 공식 원기록과 170 공고는 서로 다른 모집단
15085055:364,2021-00097,피지,피지 농업공존형 태양광 발전사업(GCF)(21·24/800만불) 영농기술센터 및 농기자재 보관창고 시공,U-근거부족,U,1,L2023-00030-1,X,exact_bid_no_or_exact_project_no,127 공식 원기록과 170 공고는 서로 다른 모집단
15085055:336,,필리핀,필리핀 경찰청 범죄수사정보 통합관리 시스템 구축 사업 시스템 감리 용역,X-설계·감리·기타용역,U,0,,,not_mapped,127 공식 원기록과 170 공고는 서로 다른 모집단
15085055:260,2022-00069,필리핀,"필리핀 기마라스주 수산양식 역량강화를 통한 양식어민 소득증대 지원사업('22·'28/1,000만불)현지 설계 입찰",U-근거부족,U,1,L2025-00075-1;L2025-00094-1,X,exact_bid_no_or_exact_project_no,127 공식 원기록과 170 공고는 서로 다른 모집단
15085055:259,2022-00069,필리핀,"필리핀 기마라스주 수산양식 역량강화를 통한 양식어민 소득증대 지원사업('22·'28/1,000만불)현지 시공 입찰",U-근거부족,U,1,L2025-00075-1;L2025-00094-1,X,exact_bid_no_or_exact_project_no,127 공식 원기록과 170 공고는 서로 다른 모집단
15085055:330,,필리핀,"필리핀 팔라완 지역 식량 안보 및 기후변화 대응을 위한 환경자원정보시스템 개발 사업('24·'28/1,000만불)",X-설계·감리·기타용역,U,0,,,not_mapped,127 공식 원기록과 170 공고는 서로 다른 모집단
15052832:655,2011-00050,미상,수단 농업기술훈련원 건립사업('11-'18/666만불)...,U-전체사업정보,U,0,,,not_mapped,127 공식 원기록과 170 공고는 서로 다른 모집단
15052832:625,2013-00020,미상,아이티 까라꼴 의류기술 훈련원 건립사업('13-'17/373만불)...,U-전체사업정보,U,0,,,not_mapped,127 공식 원기록과 170 공고는 서로 다른 모집단
15052832:197,2021-00070,미상,"한-메콩 생물다양성 센터 건립 및 역량강화사업('21-'26/1,000만...",U-전체사업정보,U,0,,,not_mapped,127 공식 원기록과 170 공고는 서로 다른 모집단
15052832:447,2016-00042,DR콩고,"DR콩고 국립박물관 건립사업('12-'20/2,100만불)...",U-전체사업정보,U,0,,,not_mapped,127 공식 원기록과 170 공고는 서로 다른 모집단
15052832:219,2021-00016,가나,가나대학교 연구 및 ICT 혁신센터 건립 사업('21-'25/900만불)...,U-전체사업정보,A,1,L2025-00018-1,A,exact_bid_no_or_exact_project_no,127 공식 원기록과 170 공고는 서로 다른 모집단
15052832:345,2017-07115,가나,우즈벡 페르가나 직업훈련원 건립사업('18-'22/983만불)  ...,U-전체사업정보,U,1,L2018-00015-1;L2019-00021-1,C,exact_bid_no_or_exact_project_no,127 공식 원기록과 170 공고는 서로 다른 모집단
15052832:464,2016-00021,나이지리아,"나이지리아 초중등시범학교단지 건립사업('13-'19/1,500만불)...",U-전체사업정보,U,0,,,not_mapped,127 공식 원기록과 170 공고는 서로 다른 모집단
15052832:9,2024-00053,네팔,네팔 Province4 직업교육학교 건립사업('24-'30/900만불),U-전체사업정보,U,0,,,not_mapped,127 공식 원기록과 170 공고는 서로 다른 모집단
15052832:21,2026-00044,모잠비크,"모잠비크 마푸토 카템베 지역병원 건립사업('26-'30/1,340만불)",U-전체사업정보,U,0,,,not_mapped,127 공식 원기록과 170 공고는 서로 다른 모집단
15052832:217,2021-00018,몽골,몽골 철도교통관제센터 건립 및  운영 역량강화를 통한 철도교통 경쟁력 강...,U-전체사업정보,U,1,L2023-00075-1,C?,exact_bid_no_or_exact_project_no,127 공식 원기록과 170 공고는 서로 다른 모집단
15052832:581,2014-00008,에콰도르,에콰도르 과야스주 보건의료센터 건립 및 의료인력 역량강화사업('14-'2...,U-전체사업정보,U,0,,,not_mapped,127 공식 원기록과 170 공고는 서로 다른 모집단
15052832:254,2020-00073,에콰도르,에콰도르 키토시 혁신센터 건립을 통한 창업 및 기업혁신 지원체계 강화 사...,U-전체사업정보,U,1,L2022-00027-1,C,exact_bid_no_or_exact_project_no,127 공식 원기록과 170 공고는 서로 다른 모집단
15052832:665,2011-00023,에티오피아,에티오피아 아드와시 중학교 건립사업('11-'17/420만불)...,U-전체사업정보,U,0,,,not_mapped,127 공식 원기록과 170 공고는 서로 다른 모집단
15052832:621,2013-00027,에티오피아,에티오피아 티그라이주 직업훈련학교 건립사업('13-'19/687만불)...,U-전체사업정보,U,0,,,not_mapped,127 공식 원기록과 170 공고는 서로 다른 모집단
15052832:635,2013-00009,엘살바도르,엘살바도르 한-엘 의료센터 건립사업('13-'20/355만불)...,U-전체사업정보,U,0,,,not_mapped,127 공식 원기록과 170 공고는 서로 다른 모집단
15052832:583,2014-00004,요르단,요르단 3개 지역 보건소 건립사업('14-'19/516만불)...,U-전체사업정보,U,0,,,not_mapped,127 공식 원기록과 170 공고는 서로 다른 모집단
15052832:400,2016-00206,요르단,요르단 시리아 난민 밀집지역 취약계층 아동을 위한 3개 학교 건립사업('...,U-전체사업정보,U,1,L2018-00005-1;L2018-00020-1;L2019-00043-1;L2020-00007-1,C,exact_bid_no_or_exact_project_no,127 공식 원기록과 170 공고는 서로 다른 모집단
15052832:573,2014-00019,요르단,요르단 청각장애 특수학교 건립사업('14-'17/520만불)...,U-전체사업정보,U,0,,,not_mapped,127 공식 원기록과 170 공고는 서로 다른 모집단
15052832:189,2021-00085,우즈베키스탄,우즈베키스탄 교수학습개발복합센터 건립을 통한 유아교사 역량강화사업('21...,U-전체사업정보,U,0,,,not_mapped,127 공식 원기록과 170 공고는 서로 다른 모집단
15052832:247,2020-00086,우즈베키스탄,우즈베키스탄 우르겐치 직업훈련원 건립 및 직업훈련 제도역량 공고화 지원 ...,U-전체사업정보,B,1,L2022-00003-1;L2023-00007-1;L2023-00036-1;L2023-00053-1,B,exact_bid_no_or_exact_project_no,127 공식 원기록과 170 공고는 서로 다른 모집단
15052832:224,2020-00119,이라크,"이라크 한-이라크 심장병 어린이 전문 병원 건립사업(`20-`25/2,5...",U-전체사업정보,A-부분,1,L2025-00070-1;L2025-00071-1;L2025-00085-1,A-부분,exact_bid_no_or_exact_project_no,127 공식 원기록과 170 공고는 서로 다른 모집단
15052832:463,2016-00022,카메룬,카메룬 국립직업훈련교육원 건립사업(`13-`21/680만불)...,U-전체사업정보,U,0,,,not_mapped,127 공식 원기록과 170 공고는 서로 다른 모집단
15052832:133,2022-00027,캄보디아,"캄보디아 국립소아병원 내과계 병동건립 및 의료인력 역량강화사업('22-'27/1,600만불)",U-전체사업정보,B,1,L2025-00073-1,B,exact_bid_no_or_exact_project_no,127 공식 원기록과 170 공고는 서로 다른 모집단
15052832:603,2013-00054,캄보디아,"캄보디아 민간항공 관리역량 제고 및 교육센터 건립사업('13-'18/1,...",U-전체사업정보,U,0,,,not_mapped,127 공식 원기록과 170 공고는 서로 다른 모집단
15052832:516,2015-00019,코트디부아르,코트디부아르 한-코 협력센터 건립사업(15-20/950만불)...,U-전체사업정보,U,0,,,not_mapped,127 공식 원기록과 170 공고는 서로 다른 모집단
15052832:673,2007-00015,콜롬비아,"콜롬비아 한-콜롬비아 우호재활센터 건립사업('07-'16/1,150만불)...",U-전체사업정보,U,0,,,not_mapped,127 공식 원기록과 170 공고는 서로 다른 모집단
15052832:672,2008-00040,파라과이,파라과이 아순시온시 취약아동 청소년 재활훈련원 건립사업('08-'10/1...,U-전체사업정보,U,0,,,not_mapped,127 공식 원기록과 170 공고는 서로 다른 모집단
15052832:614,2013-00034,팔레스타인,팔레스타인 제닌 청소년센터 건립사업('13-'18/360만불)...,U-전체사업정보,U,0,,,not_mapped,127 공식 원기록과 170 공고는 서로 다른 모집단
15052832:116,2022-00076,피지,"피지 국립재활센터 건립사업('22-'27/1,000만불)",U-전체사업정보,B,1,L2023-00038-1;L2025-00051-1;L2025-00051-2,B,exact_bid_no_or_exact_project_no,127 공식 원기록과 170 공고는 서로 다른 모집단
