project_no,country_ko,project_name,notice_count,bid_base_group_count,valid_area_cost_notice_count,valid_bid_nos,all_bid_nos,display_representative_bid,technical_evidence_bid,price_evidence_bid,best_grade,compact_grade,verification_level,scope_status,representative_area_m2,representative_construction_cost_usd,representative_amount_stage,screening_unit_usd_m2,unit_cost_allowed_use,direct_future_estimate_ready,screening_sample_weight,direct_estimate_sample_weight,related_other_package_grade,related_other_package_bid,related_other_package_note,duplicate_and_scope_warning,grade_detail,source_url,grade_system_version,audit_date
2021-00016,가나,가나대학교 한-가나 연구 및 ICT 혁신센터 건립사업 공사,1,1,1,L2025-00018-1,L2025-00018-1,L2025-00018-1,L2025-00018-1,L2025-00018-1,A,A,V3_ORIGINAL_MANUAL,MATCH,2684.36,4333427.0,NOTICE_EXECUTION_CEILING,1614.3240846980284,품목·검증범위 산정,1,1,1,,,,,가격 있는 설계 BOQ 수량·단가·금액 수동검증,https://nebid.koica.go.kr/oep/lobi/localBidManageDetail.do?P_LOAZ_BID_PBLANC_NO=L2025-00018&P_PBLANC_ODR=1,KOICA-AREA-COST-READINESS-2.0,2026-08-01
2020-00024,가나,"가나 관개지구 공사(아베이만, 아세이만 관개시설 토목공사 및 태양광,양수장 설치 공사)",1,1,0,,L2025-00019-1,L2025-00019-1,,,X,X,V3_SCOPE_REVIEW,NO_MATCH,,,SERVICE_OR_GOODS_CEILING,,계산 금지,0,0,0,,,,,물품·비건축 또는 GFA 오탐으로 건축공사비 표본 제외,https://nebid.koica.go.kr/oep/lobi/localBidManageDetail.do?P_LOAZ_BID_PBLANC_NO=L2025-00019&P_PBLANC_ODR=1,KOICA-AREA-COST-READINESS-2.0,2026-08-01
2015-00012,네팔,네팔 기술교사 역량강화를 통한 기술직업교육훈련 질적 제고 사업 IT 강의동 시공업체 선정 현지 입찰,1,1,1,L2019-00010-1,L2019-00010-1,L2019-00010-1,,L2019-00010-1,C,C,V3_CURATED_AREA_COST_RECHECK,MATCH,1549.83,1200000.0,NOTICE_EXECUTION_CEILING,774.2784692514663,초기 스크리닝만,0,1,0,,,,,동일/제한 범위 공사금액÷면적 스크리닝 근거,https://nebid.koica.go.kr/oep/lobi/localBidManageDetail.do?P_LOAZ_BID_PBLANC_NO=L2019-00010&P_PBLANC_ODR=1,KOICA-AREA-COST-READINESS-2.0,2026-08-01
2020-00114,네팔,네팔 보건 및 소득증대를 통한 통합적 농촌지역 역량강화사업 아웃리치 센터 설계 및 감리업체 선정 현지입찰 계획,2,2,1,L2021-00029-1,L2021-00004-1;L2021-00029-1,L2021-00029-1,,L2021-00029-1,C,C,V3_CURATED_AREA_COST_RECHECK,MATCH,1120.3,929600.0,CONSTRUCTION_BUDGET,829.7777381058645,초기 스크리닝만,0,1,0,,,,project_no 안에 서로 다른 시설·Lot·설계·감리·공사 패키지가 있을 수 있어 1개 비용행으로 합산 금지,동일/제한 범위 공사금액÷면적 스크리닝 근거,https://nebid.koica.go.kr/oep/lobi/localBidManageDetail.do?P_LOAZ_BID_PBLANC_NO=L2021-00029&P_PBLANC_ODR=1,KOICA-AREA-COST-READINESS-2.0,2026-08-01
2021-00139,네팔,네팔 Province 2 지역 건설기술인력 양성을 위한 모델 폴리텍 설립사업” 모델 폴리텍 설계 및 감리업체 선정,2,2,1,L2022-00029-1,L2021-00013-1;L2022-00029-1,L2022-00029-1,,L2022-00029-1,C,C,V3_CURATED_AREA_COST_RECHECK,MATCH,5640.1,3744400.0,NOTICE_EXECUTION_CEILING,663.8889381393947,초기 스크리닝만,0,1,0,,,,project_no 안에 서로 다른 시설·Lot·설계·감리·공사 패키지가 있을 수 있어 1개 비용행으로 합산 금지,동일/제한 범위 공사금액÷면적 스크리닝 근거,https://nebid.koica.go.kr/oep/lobi/localBidManageDetail.do?P_LOAZ_BID_PBLANC_NO=L2022-00029&P_PBLANC_ODR=1,KOICA-AREA-COST-READINESS-2.0,2026-08-01
2022-00009,네팔,네팔 박타푸르 취약지역의 빈곤층 건강수준 향상을 위한 역량강화 및 의료인프라 개선사업,1,1,1,L2024-00031-1,L2024-00031-1,L2024-00031-1,,L2024-00031-1,C,C,V3_CURATED_AREA_COST_RECHECK,MATCH,5898.25,4653720.0,NOTICE_EXECUTION_CEILING,789.0001271563599,초기 스크리닝만,0,1,0,,,,,동일/제한 범위 공사금액÷면적 스크리닝 근거,https://nebid.koica.go.kr/oep/lobi/localBidManageDetail.do?P_LOAZ_BID_PBLANC_NO=L2024-00031&P_PBLANC_ODR=1,KOICA-AREA-COST-READINESS-2.0,2026-08-01
2023-00052,네팔,네팔 포카라시 리사이클/업사이클 플랫폼 및 친환경 시범마을 구축을 통한 녹색일자리 창출사업(23~29/980만불) 시공업체 선정,1,1,1,L2024-00079-1,L2024-00079-1,L2024-00079-1,,L2024-00079-1,C,C,V3_CURATED_AREA_COST_RECHECK,MATCH,4996.62,3534542.0,NOTICE_EXECUTION_CEILING,707.3865933370959,초기 스크리닝만,0,1,0,,,,,동일/제한 범위 공사금액÷면적 스크리닝 근거,https://nebid.koica.go.kr/oep/lobi/localBidManageDetail.do?P_LOAZ_BID_PBLANC_NO=L2024-00079&P_PBLANC_ODR=1,KOICA-AREA-COST-READINESS-2.0,2026-08-01
2016-00029,네팔,네팔 카트만두대학 둘리켈 캠퍼스 내 “네팔기술혁신센터 건립사업” 설계 및 감리업체 선정 현지입찰 계획(안),2,2,1,L2020-00003-1,L2019-00019-1;L2020-00003-1,L2020-00003-1,,L2020-00003-1,C?,C?,V2R_HUMAN_REVIEWED_EXTRACTION,MATCH,3117.0,2910000.0,NOTICE_EXECUTION_CEILING,933.5899903753609,초기 스크리닝만,0,1,0,,,,project_no 안에 서로 다른 시설·Lot·설계·감리·공사 패키지가 있을 수 있어 1개 비용행으로 합산 금지,범위 일치 잠정확인; 원본 V3 확인 전 직접 사용 금지,https://nebid.koica.go.kr/oep/lobi/localBidManageDetail.do?P_LOAZ_BID_PBLANC_NO=L2020-00003&P_PBLANC_ODR=1,KOICA-AREA-COST-READINESS-2.0,2026-08-01
2021-00141,네팔,네팔 경찰 역량강화를 위한 사이버안전국 설립사업 설계 및 감리업체 선정 현지입찰,1,1,0,,L2022-00006-1,L2022-00006-1,,,X,X,V3_SCOPE_REVIEW,NO_MATCH,4563.0,,SERVICE_OR_GOODS_CEILING,,계산 금지,0,0,0,,,,,설계·감리·기타 용역 집행한도는 건축공사비가 아님,https://nebid.koica.go.kr/oep/lobi/localBidManageDetail.do?P_LOAZ_BID_PBLANC_NO=L2022-00006&P_PBLANC_ODR=1,KOICA-AREA-COST-READINESS-2.0,2026-08-01
2020-00070,도미니카,도미니카(공) 여성 중심 취약계층 사회경제적 역량강화사업 - 하이나 및 몬테크리스티 직업훈련센터 설계용역 입찰,7,6,1,L2024-00078-1,L2022-00059-1;L2023-00040-1;L2024-00078-1;L2025-00007-1;L2025-00007-2;L2025-00010-1;L2025-00038-1,L2024-00078-1,L2024-00078-1,L2024-00078-1,B-부분,B,V3_ORIGINAL_MANUAL,MATCH,936.2,1187000.0,NOTICE_EXECUTION_CEILING,1267.8914761803032,현지단가 결합 수량모델,0,1,0,,,,project_no 안에 서로 다른 시설·Lot·설계·감리·공사 패키지가 있을 수 있어 1개 비용행으로 합산 금지,몬테크리스티 직업훈련센터 899행 blank BOQ,https://nebid.koica.go.kr/oep/lobi/localBidManageDetail.do?P_LOAZ_BID_PBLANC_NO=L2024-00078&P_PBLANC_ODR=1,KOICA-AREA-COST-READINESS-2.0,2026-08-01
2016-20176,도미니카,도미니카공화국 미성년자 임신방지 및 여성보건환경개선 3차사업_산후안 성보건센터 건립 시공사 선정 현지입찰,5,5,2,L2022-00032-1;L2022-00046-1,L2021-00011-1;L2022-00032-1;L2022-00040-1;L2022-00046-1;L2022-00060-1,L2022-00046-1,,L2022-00046-1,C,C,V3_CURATED_AREA_COST_RECHECK,MATCH,858.0,1507000.0,NOTICE_EXECUTION_CEILING,1756.4102564102564,초기 스크리닝만,0,1,0,,,,project_no 안에 서로 다른 시설·Lot·설계·감리·공사 패키지가 있을 수 있어 1개 비용행으로 합산 금지,동일/제한 범위 공사금액÷면적 스크리닝 근거,https://nebid.koica.go.kr/oep/lobi/localBidManageDetail.do?P_LOAZ_BID_PBLANC_NO=L2022-00046&P_PBLANC_ODR=1,KOICA-AREA-COST-READINESS-2.0,2026-08-01
2021-00075,동티모르,(신규재입찰) 동티모르 농민참여형 가치사슬 개선사업 농업용 인프라 시공,3,3,3,L2023-00006-1;L2023-00019-1;L2023-00022-1,L2023-00006-1;L2023-00019-1;L2023-00022-1,L2023-00022-1,,L2023-00022-1,C,C,V3_CURATED_AREA_COST_RECHECK,MATCH,826.8,1570000.0,NOTICE_EXECUTION_CEILING,1898.887276245767,초기 스크리닝만,0,1,0,,,,project_no 안에 서로 다른 시설·Lot·설계·감리·공사 패키지가 있을 수 있어 1개 비용행으로 합산 금지,동일/제한 범위 공사금액÷면적 스크리닝 근거,https://nebid.koica.go.kr/oep/lobi/localBidManageDetail.do?P_LOAZ_BID_PBLANC_NO=L2023-00022&P_PBLANC_ODR=1,KOICA-AREA-COST-READINESS-2.0,2026-08-01
2016-00028,라오스,라오스 청년동맹 IT센터 역량강화사업 시공업체 선정,1,1,1,L2017-00007-1,L2017-00007-1,L2017-00007-1,,L2017-00007-1,C,C,V3_CURATED_AREA_COST_RECHECK,MATCH,1562.68,1197640,ADVERTISED_BUDGET_CAP,766.4013105690224,초기 스크리닝만,0,1,0,,,,,동일/제한 범위 공사금액÷면적 스크리닝 근거,https://nebid.koica.go.kr/oep/lobi/localBidManageDetail.do?P_LOAZ_BID_PBLANC_NO=L2017-00007&P_PBLANC_ODR=1,KOICA-AREA-COST-READINESS-2.0,2026-08-01
2016-00202,라오스,라오스 이민국 신청사 건축 시공용역 현지입찰,1,1,1,L2019-00011-1,L2019-00011-1,L2019-00011-1,,L2019-00011-1,C,C,V3_CURATED_AREA_COST_RECHECK,MATCH,5625.0,5600000.0,NOTICE_EXECUTION_CEILING,995.5555555555555,초기 스크리닝만,0,1,0,,,,,동일/제한 범위 공사금액÷면적 스크리닝 근거,https://nebid.koica.go.kr/oep/lobi/localBidManageDetail.do?P_LOAZ_BID_PBLANC_NO=L2019-00011&P_PBLANC_ODR=1,KOICA-AREA-COST-READINESS-2.0,2026-08-01
2020-00023,라오스,라오스 남부 3개주 농촌개발사업 남부농업기술훈련원 건축 설계 및 시공감리 용역,2,2,1,L2024-00075-1,L2024-00024-1;L2024-00075-1,L2024-00075-1,,L2024-00075-1,C,C,V3_CURATED_AREA_COST_RECHECK,MATCH,700.0,624034.0,CONSTRUCTION_BUDGET,891.4771428571429,초기 스크리닝만,0,1,0,,,,project_no 안에 서로 다른 시설·Lot·설계·감리·공사 패키지가 있을 수 있어 1개 비용행으로 합산 금지,동일/제한 범위 공사금액÷면적 스크리닝 근거,https://nebid.koica.go.kr/oep/lobi/localBidManageDetail.do?P_LOAZ_BID_PBLANC_NO=L2024-00075&P_PBLANC_ODR=1,KOICA-AREA-COST-READINESS-2.0,2026-08-01
2016-00213,라오스,라오스 한라 직업기술개발원 역량강화사업 건축 공사 설계 및 시공 일괄 입찰,1,1,1,L2018-00019-1,L2018-00019-1,L2018-00019-1,,L2018-00019-1,C?,C?,V2R_HUMAN_REVIEWED_EXTRACTION,MATCH,6186.0,2063987.0,NOTICE_EXECUTION_CEILING,333.65454251535726,초기 스크리닝만,0,1,0,,,,,범위 일치 잠정확인; 원본 V3 확인 전 직접 사용 금지,https://nebid.koica.go.kr/oep/lobi/localBidManageDetail.do?P_LOAZ_BID_PBLANC_NO=L2018-00019&P_PBLANC_ODR=1,KOICA-AREA-COST-READINESS-2.0,2026-08-01
2019-00071,라오스,라오스 성생식 모자보건 RMNCH센터 및 여성폭력 예방대응 EVAW센터 시공업체 선정,1,1,1,L2022-00019-1,L2022-00019-1,L2022-00019-1,,L2022-00019-1,C?,C?,V2R_HUMAN_REVIEWED_EXTRACTION,MATCH,989.0,1447700.0,NOTICE_EXECUTION_CEILING,1463.8018200202225,초기 스크리닝만,0,1,0,,,,,범위 일치 잠정확인; 원본 V3 확인 전 직접 사용 금지,https://nebid.koica.go.kr/oep/lobi/localBidManageDetail.do?P_LOAZ_BID_PBLANC_NO=L2022-00019&P_PBLANC_ODR=1,KOICA-AREA-COST-READINESS-2.0,2026-08-01
2018-56501,모잠비크,(재공고) 모잠비크 마톨라 산업학교 역량강화사업 사후지원 보수 공사,2,1,2,L2025-00016-1;L2025-00016-2,L2025-00016-1;L2025-00016-2,L2025-00016-2,,L2025-00016-2,C-부분,C,V3_CURATED_AREA_COST_RECHECK,PARTIAL_SCOPE,15500.0,230586.0,NOTICE_EXECUTION_CEILING,14.876516129032257,초기 스크리닝만,0,1,0,,,,project_no 안에 서로 다른 시설·Lot·설계·감리·공사 패키지가 있을 수 있어 1개 비용행으로 합산 금지,동일/제한 범위 공사금액÷면적 스크리닝 근거,https://nebid.koica.go.kr/oep/lobi/localBidManageDetail.do?P_LOAZ_BID_PBLANC_NO=L2025-00016&P_PBLANC_ODR=2,KOICA-AREA-COST-READINESS-2.0,2026-08-01
2019-00011,모잠비크,모잠비크 직업훈련교육 역량강화사업 설계 및 시공감리 용역사 선정,2,2,0,,L2020-00004-1;L2022-00001-1,L2022-00001-1,,L2022-00001-1,U,U,V3_SCOPE_REVIEW,PARTIAL_SCOPE,,2200000.0,NOTICE_EXECUTION_CEILING,,계산 금지,0,0,0,,,,project_no 안에 서로 다른 시설·Lot·설계·감리·공사 패키지가 있을 수 있어 1개 비용행으로 합산 금지,면적과 금액 범위가 부분·혼합되어 계산 금지,https://nebid.koica.go.kr/oep/lobi/localBidManageDetail.do?P_LOAZ_BID_PBLANC_NO=L2022-00001&P_PBLANC_ODR=1,KOICA-AREA-COST-READINESS-2.0,2026-08-01
2020-00046,모잠비크,모잠비크 도로안전 시범개선사업 시공업체 선정 입찰,1,1,0,,L2023-00032-1,L2023-00032-1,,,X,X,V3_SCOPE_REVIEW,NO_MATCH,,,SERVICE_OR_GOODS_CEILING,,계산 금지,0,0,0,,,,,물품·비건축 또는 GFA 오탐으로 건축공사비 표본 제외,https://nebid.koica.go.kr/oep/lobi/localBidManageDetail.do?P_LOAZ_BID_PBLANC_NO=L2023-00032&P_PBLANC_ODR=1,KOICA-AREA-COST-READINESS-2.0,2026-08-01
2021-00018,몽골,몽골 철도교통관제센터(RTCC) 건립 시공 입찰,1,1,1,L2023-00075-1,L2023-00075-1,L2023-00075-1,,L2023-00075-1,C?,C?,V2R_HUMAN_REVIEWED_EXTRACTION,MATCH,3131.0,3454118.0,NOTICE_EXECUTION_CEILING,1103.199616735867,초기 스크리닝만,0,1,0,,,,,범위 일치 잠정확인; 원본 V3 확인 전 직접 사용 금지,https://nebid.koica.go.kr/oep/lobi/localBidManageDetail.do?P_LOAZ_BID_PBLANC_NO=L2023-00075&P_PBLANC_ODR=1,KOICA-AREA-COST-READINESS-2.0,2026-08-01
2016-00067,미얀마,미얀마 농산물 유통센터 설립사업 시공업체 선정 입찰,1,1,1,L2020-00009-1,L2020-00009-1,L2020-00009-1,,L2020-00009-1,C,C,V3_CURATED_AREA_COST_RECHECK,MATCH,7450.0,3685199.0,NOTICE_EXECUTION_CEILING,494.6575838926174,초기 스크리닝만,0,1,0,,,,,동일/제한 범위 공사금액÷면적 스크리닝 근거,https://nebid.koica.go.kr/oep/lobi/localBidManageDetail.do?P_LOAZ_BID_PBLANC_NO=L2020-00009&P_PBLANC_ODR=1,KOICA-AREA-COST-READINESS-2.0,2026-08-01
2020-00113,방글라데시,방글라데시 사이버안전을 위한 디지털수사역량 확산사업 챠토그램 사이버경찰센터 시공,1,1,1,L2022-00043-1,L2022-00043-1,L2022-00043-1,,L2022-00043-1,C,C,V3_CURATED_AREA_COST_RECHECK,MATCH,2194.0,1575000.0,NOTICE_EXECUTION_CEILING,717.8669097538742,초기 스크리닝만,0,1,0,,,,,동일/제한 범위 공사금액÷면적 스크리닝 근거,https://nebid.koica.go.kr/oep/lobi/localBidManageDetail.do?P_LOAZ_BID_PBLANC_NO=L2022-00043&P_PBLANC_ODR=1,KOICA-AREA-COST-READINESS-2.0,2026-08-01
2013-00064,볼리비아,볼리비아 고원 지역 농업 기계화 및 농민역량 강화를 통한 생산성 증대 사업 퀴노아 연구센터 차칼라 건립 공사 시공사 선정 현지 입찰 재공고,2,1,2,L2025-00012-1;L2025-00012-2,L2025-00012-1;L2025-00012-2,L2025-00012-2,L2025-00012-2,L2025-00012-2,B,B,V3_ORIGINAL_MANUAL,MATCH,87.22,98954.0,NOTICE_EXECUTION_CEILING,1134.5333639073608,현지단가 결합 수량모델,0,1,0,,,,project_no 안에 서로 다른 시설·Lot·설계·감리·공사 패키지가 있을 수 있어 1개 비용행으로 합산 금지,재공고의 동일 차칼라 blank BOQ; 한 표본으로 처리,https://nebid.koica.go.kr/oep/lobi/localBidManageDetail.do?P_LOAZ_BID_PBLANC_NO=L2025-00012&P_PBLANC_ODR=2,KOICA-AREA-COST-READINESS-2.0,2026-08-01
2013-00007,볼리비아,(재입찰)볼리비아 El-Alto 한국병원 3차 지원사업 시공업체선정,4,3,2,L2018-00026-1;L2018-00029-1,L2018-00026-1;L2018-00025-1;L2018-00029-1;L2018-00025-2,L2018-00029-1,,L2018-00029-1,C,C,V3_CURATED_AREA_COST_RECHECK,MATCH,2879.23,4114500,BID_LIMIT,1429.027899820438,초기 스크리닝만,0,1,0,,,,project_no 안에 서로 다른 시설·Lot·설계·감리·공사 패키지가 있을 수 있어 1개 비용행으로 합산 금지,동일/제한 범위 공사금액÷면적 스크리닝 근거,https://nebid.koica.go.kr/oep/lobi/localBidManageDetail.do?P_LOAZ_BID_PBLANC_NO=L2018-00029&P_PBLANC_ODR=1,KOICA-AREA-COST-READINESS-2.0,2026-08-01
2023-00004,볼리비아,볼리비아 엘알또 모성보건센터 신축/증축/보수 공사 설계사 선정,1,1,1,L2025-00078-1,L2025-00078-1,L2025-00078-1,,L2025-00078-1,C-부분,C,V3_CURATED_AREA_COST_RECHECK,PARTIAL_ATTACHMENT_CONSTRUCTION_BUDGET,1600.0,3226604.0,DESIGN_ESTIMATE,2016.6275,초기 스크리닝만,0,1,0,,,,,동일/제한 범위 공사금액÷면적 스크리닝 근거,https://nebid.koica.go.kr/oep/lobi/localBidManageDetail.do?P_LOAZ_BID_PBLANC_NO=L2025-00078&P_PBLANC_ODR=1,KOICA-AREA-COST-READINESS-2.0,2026-08-01
2022-00038,볼리비아,볼리비아 라파스 주 임상병리검사실 체계 강화사업 현지 설계입찰,2,1,0,,L2023-00070-1;L2023-00070-2,L2023-00070-2,,,X,X,V3_SCOPE_REVIEW,NO_MATCH,2500.0,,SERVICE_OR_GOODS_CEILING,,계산 금지,0,0,0,,,,project_no 안에 서로 다른 시설·Lot·설계·감리·공사 패키지가 있을 수 있어 1개 비용행으로 합산 금지,설계·감리·기타 용역 집행한도는 건축공사비가 아님,https://nebid.koica.go.kr/oep/lobi/localBidManageDetail.do?P_LOAZ_BID_PBLANC_NO=L2023-00070&P_PBLANC_ODR=2,KOICA-AREA-COST-READINESS-2.0,2026-08-01
201701,세네갈,세네갈 고등기술전문대학(ISEP) 설립사업 및 농업기술학교(CIPA) 역량강화사업 시공업체 선정,1,1,1,L2017-00001-1,L2017-00001-1,L2017-00001-1,,L2017-00001-1,C,C,V3_CURATED_AREA_COST_RECHECK,MATCH,8694.0,5664262.66,ADVERTISED_ESTIMATED_BUDGET,651.5139935587762,초기 스크리닝만,0,1,0,,,,,동일/제한 범위 공사금액÷면적 스크리닝 근거,https://nebid.koica.go.kr/oep/lobi/localBidManageDetail.do?P_LOAZ_BID_PBLANC_NO=L2017-00001&P_PBLANC_ODR=1,KOICA-AREA-COST-READINESS-2.0,2026-08-01
2021-00055,세네갈,세네갈 ISEPDD 메이커스페이스 및 카페테리아 리모델링 공사 계약,1,1,1,L2023-00045-1,L2023-00045-1,L2023-00045-1,,L2023-00045-1,C,C,V3_CURATED_AREA_COST_RECHECK,MATCH,453.0,297000.0,NOTICE_EXECUTION_CEILING,655.6291390728477,초기 스크리닝만,0,1,0,,,,,동일/제한 범위 공사금액÷면적 스크리닝 근거,https://nebid.koica.go.kr/oep/lobi/localBidManageDetail.do?P_LOAZ_BID_PBLANC_NO=L2023-00045&P_PBLANC_ODR=1,KOICA-AREA-COST-READINESS-2.0,2026-08-01
2020-00048,세네갈,세네갈 미곡가치사슬 역량강화 2차사업 미곡종합처리장(RPC)/농기계서비스센터 건축 시공사 선정 현지입찰,2,2,0,,L2024-00062-1;L2025-00021-1,L2024-00062-1,,L2024-00062-1,U,U,V2R_HUMAN_REVIEWED_EXTRACTION,MATCH,,1910000.0,NOTICE_EXECUTION_CEILING,,계산 금지,0,0,0,,,,project_no 안에 서로 다른 시설·Lot·설계·감리·공사 패키지가 있을 수 있어 1개 비용행으로 합산 금지,유효 면적과 공사금액 결합요건 미충족,https://nebid.koica.go.kr/oep/lobi/localBidManageDetail.do?P_LOAZ_BID_PBLANC_NO=L2024-00062&P_PBLANC_ODR=1,KOICA-AREA-COST-READINESS-2.0,2026-08-01
2021-00054,세네갈,세네갈 대국민 소통증진을 위한 국회의정활동시스템 현대화사업 리모델링 업체 선정 입,1,1,0,,L2023-00077-1,L2023-00077-1,,,X,X,V3_SCOPE_REVIEW,NO_MATCH,,,SERVICE_OR_GOODS_CEILING,,계산 금지,0,0,0,,,,,물품·비건축 또는 GFA 오탐으로 건축공사비 표본 제외,https://nebid.koica.go.kr/oep/lobi/localBidManageDetail.do?P_LOAZ_BID_PBLANC_NO=L2023-00077&P_PBLANC_ODR=1,KOICA-AREA-COST-READINESS-2.0,2026-08-01
2022-00003,세네갈,세네갈 실험실 리모델링 사업 Control Office 계약,1,1,0,,L2025-00106-1,L2025-00106-1,,,X,X,V3_SCOPE_REVIEW,NO_MATCH,,,SERVICE_OR_GOODS_CEILING,,계산 금지,0,0,0,,,,,설계·감리·기타 용역 집행한도는 건축공사비가 아님,https://nebid.koica.go.kr/oep/lobi/localBidManageDetail.do?P_LOAZ_BID_PBLANC_NO=L2025-00106&P_PBLANC_ODR=1,KOICA-AREA-COST-READINESS-2.0,2026-08-01
2015-00011,스리랑카,스리랑카 기술계 교사양성 및 재교육 사업 신축 설계 및 CA용역 입찰,2,2,1,L2019-00024-1,L2018-00008-1;L2019-00024-1,L2019-00024-1,,L2019-00024-1,C,C,V3_CURATED_AREA_COST_RECHECK,MATCH,12974.0,7161000,BASIC_ESTIMATED_PRICE,551.950053954062,초기 스크리닝만,0,1,0,,,,project_no 안에 서로 다른 시설·Lot·설계·감리·공사 패키지가 있을 수 있어 1개 비용행으로 합산 금지,동일/제한 범위 공사금액÷면적 스크리닝 근거,https://nebid.koica.go.kr/oep/lobi/localBidManageDetail.do?P_LOAZ_BID_PBLANC_NO=L2019-00024&P_PBLANC_ODR=1,KOICA-AREA-COST-READINESS-2.0,2026-08-01
2019-00027,알제리,알제리 사이버보안센터 건립사업 기자재 및 가구,1,1,0,,L2024-00074-1,L2024-00074-1,,,X,X,V3_SCOPE_REVIEW,NO_MATCH,,,SERVICE_OR_GOODS_CEILING,,계산 금지,0,0,0,,,,,물품·비건축 또는 GFA 오탐으로 건축공사비 표본 제외,https://nebid.koica.go.kr/oep/lobi/localBidManageDetail.do?P_LOAZ_BID_PBLANC_NO=L2024-00074&P_PBLANC_ODR=1,KOICA-AREA-COST-READINESS-2.0,2026-08-01
2020-00073,에콰도르,에콰도르 키토시 혁신센터 건립을 통한 창업 및 기업혁신 지원체계 강화사업 리모델링 설계 용역,1,1,1,L2022-00027-1,L2022-00027-1,L2022-00027-1,,L2022-00027-1,C,C,V3_CURATED_AREA_COST_RECHECK,MATCH_ATTACHMENT_CONSTRUCTION_BUDGET,3100.0,2670000.0,DESIGN_ESTIMATE,861.2903225806451,초기 스크리닝만,0,1,0,,,,,동일/제한 범위 공사금액÷면적 스크리닝 근거,https://nebid.koica.go.kr/oep/lobi/localBidManageDetail.do?P_LOAZ_BID_PBLANC_NO=L2022-00027&P_PBLANC_ODR=1,KOICA-AREA-COST-READINESS-2.0,2026-08-01
L2017-0004,에콰도르,에콰도르 과야스주 보건의료센터 건립사업 시공사 선정 입찰,1,1,1,L2017-00005-1,L2017-00005-1,L2017-00005-1,,L2017-00005-1,C,C,V3_CURATED_AREA_COST_RECHECK,MATCH,2541.35,3572800.0,NOTICE_EXECUTION_CEILING,1405.866960473764,초기 스크리닝만,0,1,0,,,,,동일/제한 범위 공사금액÷면적 스크리닝 근거,https://nebid.koica.go.kr/oep/lobi/localBidManageDetail.do?P_LOAZ_BID_PBLANC_NO=L2017-00005&P_PBLANC_ODR=1,KOICA-AREA-COST-READINESS-2.0,2026-08-01
2015-00006,에티오피아,에티오피아 오로미아주 모자보건 및 가족계획 역량 강화사업 헤토사 1차 병원 설계 및 시공 감리 용역,4,3,2,L2020-00022-1;L2020-00022-2,L2019-00034-1;L2019-00037-1;L2020-00022-1;L2020-00022-2,L2020-00022-2,,L2020-00022-2,C,C,V3_CURATED_AREA_COST_RECHECK,MATCH,4916.0,3116205.0,NOTICE_EXECUTION_CEILING,633.890358014646,초기 스크리닝만,0,1,0,,,,project_no 안에 서로 다른 시설·Lot·설계·감리·공사 패키지가 있을 수 있어 1개 비용행으로 합산 금지,동일/제한 범위 공사금액÷면적 스크리닝 근거,https://nebid.koica.go.kr/oep/lobi/localBidManageDetail.do?P_LOAZ_BID_PBLANC_NO=L2020-00022&P_PBLANC_ODR=2,KOICA-AREA-COST-READINESS-2.0,2026-08-01
2020-00053,에티오피아,에티오피아 양질의 일자리 창출을 위한 ICT기반의 창업 및 중소기업(SME)육성 지원사업 ICT 센터 리모델링 공사,2,2,2,L2022-00068-1;L2023-00004-1,L2022-00068-1;L2023-00004-1,L2023-00004-1,,L2023-00004-1,C?,C?,V2R_HUMAN_REVIEWED_EXTRACTION,MATCH,2443.0,704431.0,NOTICE_EXECUTION_CEILING,288.3467048710602,초기 스크리닝만,0,1,0,,,,project_no 안에 서로 다른 시설·Lot·설계·감리·공사 패키지가 있을 수 있어 1개 비용행으로 합산 금지,범위 일치 잠정확인; 원본 V3 확인 전 직접 사용 금지,https://nebid.koica.go.kr/oep/lobi/localBidManageDetail.do?P_LOAZ_BID_PBLANC_NO=L2023-00004&P_PBLANC_ODR=1,KOICA-AREA-COST-READINESS-2.0,2026-08-01
2022-00036,에티오피아,"에티오피아 가죽 및 가죽제품 강화 사업 신발 라스트 생산 공장 신축 및 보수 공사 설계, 감리 용역",1,1,0,,L2023-00061-1,L2023-00061-1,,,X,X,V3_SCOPE_REVIEW,NO_MATCH,1250.0,,SERVICE_OR_GOODS_CEILING,,계산 금지,0,0,0,,,,,설계·감리·기타 용역 집행한도는 건축공사비가 아님,https://nebid.koica.go.kr/oep/lobi/localBidManageDetail.do?P_LOAZ_BID_PBLANC_NO=L2023-00061&P_PBLANC_ODR=1,KOICA-AREA-COST-READINESS-2.0,2026-08-01
2019-00037,엘살바도르,엘살바도르 국립보건교육센터 설립 및 보건교육 강화사업 감리 용역 현지 입찰 (재공고),5,5,3,L2023-00027-1;L2023-00058-1;L2023-00060-1,L2023-00027-1;L2023-00037-1;L2023-00058-1;L2023-00057-1;L2023-00060-1,L2023-00060-1,,L2023-00060-1,C,C,V3_CURATED_AREA_COST_RECHECK,MATCH,2983.0,3875000.0,NOTICE_EXECUTION_CEILING,1299.0278243379148,초기 스크리닝만,0,1,0,,,,project_no 안에 서로 다른 시설·Lot·설계·감리·공사 패키지가 있을 수 있어 1개 비용행으로 합산 금지,동일/제한 범위 공사금액÷면적 스크리닝 근거,https://nebid.koica.go.kr/oep/lobi/localBidManageDetail.do?P_LOAZ_BID_PBLANC_NO=L2023-00060&P_PBLANC_ODR=1,KOICA-AREA-COST-READINESS-2.0,2026-08-01
2021-00111,엘살바도르,엘살바도르 ITCA 공학교육역량 강화사업 시공사 선정 현지 재입찰,4,2,2,L2024-00049-1;L2024-00049-2,L2024-00049-1;L2024-00054-1;L2024-00049-2;L2024-00054-2,L2024-00049-2,,L2024-00049-2,C,C,V3_CURATED_AREA_COST_RECHECK,MATCH,788.12,965000.0,NOTICE_EXECUTION_CEILING,1224.4328274881998,초기 스크리닝만,0,1,0,,,,project_no 안에 서로 다른 시설·Lot·설계·감리·공사 패키지가 있을 수 있어 1개 비용행으로 합산 금지,동일/제한 범위 공사금액÷면적 스크리닝 근거,https://nebid.koica.go.kr/oep/lobi/localBidManageDetail.do?P_LOAZ_BID_PBLANC_NO=L2024-00049&P_PBLANC_ODR=2,KOICA-AREA-COST-READINESS-2.0,2026-08-01
2014-00031,엘살바도르,"엘살바도르 치안강화를 위한 차량 자동인식시스템 구축사업, CCTV 역량강화센터 2층 리모델링 시공업체 선정",1,1,0,,L2019-00044-1,L2019-00044-1,,L2019-00044-1,U,U,V3_SCOPE_REVIEW,NO_MATCH,,235960.0,NOTICE_EXECUTION_CEILING,,계산 금지,0,0,0,,,,,공사 후보이나 유효 GFA 또는 같은 범위 금액이 없음,https://nebid.koica.go.kr/oep/lobi/localBidManageDetail.do?P_LOAZ_BID_PBLANC_NO=L2019-00044&P_PBLANC_ODR=1,KOICA-AREA-COST-READINESS-2.0,2026-08-01
2016-00220,엘살바도르,엘살바도르 동부건조지역 수계 복원력증대를 통한 기후변화대응사업('17-'20/800만불) 수자원확보 시행업체(PC) 선정,4,3,0,,L2019-00041-1;L2019-00042-1;L2019-00040-1;L2019-00040-2,L2019-00040-2,,,X,X,V3_SCOPE_REVIEW,NO_MATCH,,,SERVICE_OR_GOODS_CEILING,,계산 금지,0,0,0,,,,project_no 안에 서로 다른 시설·Lot·설계·감리·공사 패키지가 있을 수 있어 1개 비용행으로 합산 금지,물품·비건축 또는 GFA 오탐으로 건축공사비 표본 제외,https://nebid.koica.go.kr/oep/lobi/localBidManageDetail.do?P_LOAZ_BID_PBLANC_NO=L2019-00040&P_PBLANC_ODR=2,KOICA-AREA-COST-READINESS-2.0,2026-08-01
2016-00206,요르단,요르단 시리아 난민 밀집지역 취약계층 아동을 위한 3개 학교 건립사업 자르카 학교 시공사 선정 입찰,4,4,2,L2018-00020-1;L2019-00043-1,L2018-00005-1;L2018-00020-1;L2019-00043-1;L2020-00007-1,L2019-00043-1,,L2019-00043-1,C,C,V3_CURATED_AREA_COST_RECHECK,MATCH,3944.3,2654320.0,NOTICE_EXECUTION_CEILING,672.9508404533124,초기 스크리닝만,0,1,0,,,,project_no 안에 서로 다른 시설·Lot·설계·감리·공사 패키지가 있을 수 있어 1개 비용행으로 합산 금지,동일/제한 범위 공사금액÷면적 스크리닝 근거,https://nebid.koica.go.kr/oep/lobi/localBidManageDetail.do?P_LOAZ_BID_PBLANC_NO=L2019-00043&P_PBLANC_ODR=1,KOICA-AREA-COST-READINESS-2.0,2026-08-01
2019-00005,우간다,우간다 지속가능 농촌개발 시범마을 확산사업 옥수수 가공시설 및 여성친화적 시장 건축 공사,2,2,1,L2023-00009-1,L2020-00015-1;L2023-00009-1,L2023-00009-1,,L2023-00009-1,C,C,V3_CURATED_AREA_COST_RECHECK,MATCH,835.67,272603.0,NOTICE_EXECUTION_CEILING,326.20891021575505,초기 스크리닝만,0,1,0,,,,project_no 안에 서로 다른 시설·Lot·설계·감리·공사 패키지가 있을 수 있어 1개 비용행으로 합산 금지,동일/제한 범위 공사금액÷면적 스크리닝 근거,https://nebid.koica.go.kr/oep/lobi/localBidManageDetail.do?P_LOAZ_BID_PBLANC_NO=L2023-00009&P_PBLANC_ODR=1,KOICA-AREA-COST-READINESS-2.0,2026-08-01
2021-00042,우간다,우간다 농업지도자연수원 자립적 운영체계 구축 및 연수역량강화 사업을 위한 설계 및 감리 용역,3,3,2,L2024-00050-1;L2025-00062-1,L2023-00028-1;L2024-00050-1;L2025-00062-1,L2025-00062-1,,L2025-00062-1,C,C,V3_CURATED_AREA_COST_RECHECK,MATCH,2378.8,1123590.0,NOTICE_EXECUTION_CEILING,472.33479065074823,초기 스크리닝만,0,1,0,,,,project_no 안에 서로 다른 시설·Lot·설계·감리·공사 패키지가 있을 수 있어 1개 비용행으로 합산 금지,동일/제한 범위 공사금액÷면적 스크리닝 근거,https://nebid.koica.go.kr/oep/lobi/localBidManageDetail.do?P_LOAZ_BID_PBLANC_NO=L2025-00062&P_PBLANC_ODR=1,KOICA-AREA-COST-READINESS-2.0,2026-08-01
2021-00043,우간다,"우간다 주요 채소작물 종자 가치사슬 역량강화사업 Wakiso, Mukono 및 Luwero지역 온실, 토목 및 수도 건축공사",1,1,1,L2023-00011-1,L2023-00011-1,L2023-00011-1,,L2023-00011-1,C,C,V3_CURATED_AREA_COST_RECHECK,MATCH,6456.0,1540000.0,NOTICE_EXECUTION_CEILING,238.53779429987608,초기 스크리닝만,0,1,0,,,,,동일/제한 범위 공사금액÷면적 스크리닝 근거,https://nebid.koica.go.kr/oep/lobi/localBidManageDetail.do?P_LOAZ_BID_PBLANC_NO=L2023-00011&P_PBLANC_ODR=1,KOICA-AREA-COST-READINESS-2.0,2026-08-01
2022-00064,우간다,우간다 마케레레 대학 원격교육센터 설계 및 감리용역 입찰,2,2,1,L2025-00084-1,L2024-00072-1;L2025-00084-1,L2025-00084-1,,L2025-00084-1,C,C,V3_CURATED_AREA_COST_RECHECK,MATCH,4040.0,4383000.0,NOTICE_EXECUTION_CEILING,1084.90099009901,초기 스크리닝만,0,1,0,,,,project_no 안에 서로 다른 시설·Lot·설계·감리·공사 패키지가 있을 수 있어 1개 비용행으로 합산 금지,동일/제한 범위 공사금액÷면적 스크리닝 근거,https://nebid.koica.go.kr/oep/lobi/localBidManageDetail.do?P_LOAZ_BID_PBLANC_NO=L2025-00084&P_PBLANC_ODR=1,KOICA-AREA-COST-READINESS-2.0,2026-08-01
2020-00086,우즈베키스탄,우즈베키스탄 우르겐치 직업훈련원 건립 및 타슈켄트 교사연수센터 건립사업 시공업체선정 현지입찰,4,4,3,L2023-00007-1;L2023-00036-1;L2023-00053-1,L2022-00003-1;L2023-00007-1;L2023-00036-1;L2023-00053-1,L2023-00036-1,L2023-00036-1,L2023-00036-1,B,B,V3_ORIGINAL_MANUAL,MATCH,6963.0,5361576.0,NOTICE_EXECUTION_CEILING,770.0094786729858,현지단가 결합 수량모델,0,1,0,,,,project_no 안에 서로 다른 시설·Lot·설계·감리·공사 패키지가 있을 수 있어 1개 비용행으로 합산 금지,우르겐치 VTC·TTC 공종별 not-priced BOQ,https://nebid.koica.go.kr/oep/lobi/localBidManageDetail.do?P_LOAZ_BID_PBLANC_NO=L2023-00036&P_PBLANC_ODR=1,KOICA-AREA-COST-READINESS-2.0,2026-08-01
2017-07115,우즈베키스탄,우즈베키스탄 페르가나 직업훈련원 건립 신축공사 시공업체 선정 현지입찰,2,2,1,L2019-00021-1,L2018-00015-1;L2019-00021-1,L2019-00021-1,,L2019-00021-1,C,C,V3_CURATED_AREA_COST_RECHECK,MATCH,5455.0,5350000.0,NOTICE_EXECUTION_CEILING,980.7516040329973,초기 스크리닝만,0,1,0,,,,project_no 안에 서로 다른 시설·Lot·설계·감리·공사 패키지가 있을 수 있어 1개 비용행으로 합산 금지,동일/제한 범위 공사금액÷면적 스크리닝 근거,https://nebid.koica.go.kr/oep/lobi/localBidManageDetail.do?P_LOAZ_BID_PBLANC_NO=L2019-00021&P_PBLANC_ODR=1,KOICA-AREA-COST-READINESS-2.0,2026-08-01
2020-00119,이라크,(긴급) 한-이라크 심장병 어린이 전문 병원 신축공사(신규입찰),3,3,3,L2025-00070-1;L2025-00071-1;L2025-00085-1,L2025-00070-1;L2025-00071-1;L2025-00085-1,L2025-00085-1,L2025-00085-1,L2025-00085-1,A-부분,A,V3_ORIGINAL_MANUAL,MATCH,5486.0,13292831.0,NOTICE_EXECUTION_CEILING,2423.0461173897193,검증된 부분 Bill만,0,1,0,,,,project_no 안에 서로 다른 시설·Lot·설계·감리·공사 패키지가 있을 수 있어 1개 비용행으로 합산 금지,건축 Bill No.01만 숨김 설계단가와 결합; 타 공종 제외,https://nebid.koica.go.kr/oep/lobi/localBidManageDetail.do?P_LOAZ_BID_PBLANC_NO=L2025-00085&P_PBLANC_ODR=1,KOICA-AREA-COST-READINESS-2.0,2026-08-01
2014-00016,이라크,한-이라크 직업훈련원 2차 지원사업 리노베이션 시공업체선정 현지입찰,1,1,1,L2024-00039-1,L2024-00039-1,L2024-00039-1,,L2024-00039-1,C,C,V3_CURATED_AREA_COST_RECHECK,MATCH,8217.0,1811491.0,NOTICE_EXECUTION_CEILING,220.45649263721552,초기 스크리닝만,0,1,0,,,,,동일/제한 범위 공사금액÷면적 스크리닝 근거,https://nebid.koica.go.kr/oep/lobi/localBidManageDetail.do?P_LOAZ_BID_PBLANC_NO=L2024-00039&P_PBLANC_ODR=1,KOICA-AREA-COST-READINESS-2.0,2026-08-01
2016-00005,이라크,이라크 중환자 전문병원 신축공사 시공업체 선정 입찰,1,1,1,L2020-00023-1,L2020-00023-1,L2020-00023-1,,L2020-00023-1,C,C,V3_CURATED_AREA_COST_RECHECK,MATCH,6906.0,16029000,BASIC_ESTIMATED_PRICE,2321.0251954821892,초기 스크리닝만,0,1,0,,,,,동일/제한 범위 공사금액÷면적 스크리닝 근거,https://nebid.koica.go.kr/oep/lobi/localBidManageDetail.do?P_LOAZ_BID_PBLANC_NO=L2020-00023&P_PBLANC_ODR=1,KOICA-AREA-COST-READINESS-2.0,2026-08-01
2023-00087,이라크,“이라크 쿠르드 지역학교 내 난민통합교육 강화사업” 선도학교 및 교사연수센터 신축을 위한 설계 및 시공감리 업체 선정,2,1,0,,L2025-00045-1;L2025-00045-2,L2025-00045-2,,,X,X,V3_SCOPE_REVIEW,NO_MATCH,6000.0,,SERVICE_OR_GOODS_CEILING,,계산 금지,0,0,0,B-부분(다른 패키지),L2025-00017-2,자이툰 도서관 BOQ이며 현재 170집합의 학교·연수센터 용역 범위와 다름,project_no 안에 서로 다른 시설·Lot·설계·감리·공사 패키지가 있을 수 있어 1개 비용행으로 합산 금지,설계·감리·기타 용역 집행한도는 건축공사비가 아님,https://nebid.koica.go.kr/oep/lobi/localBidManageDetail.do?P_LOAZ_BID_PBLANC_NO=L2025-00045&P_PBLANC_ODR=2,KOICA-AREA-COST-READINESS-2.0,2026-08-01
2016-20098,인도네시아,인도네시아 경찰청 사이버범죄수사 교육센터 프로젝트 리모델링업체 선정 입찰,2,1,1,L2022-00007-2,L2022-00007-1;L2022-00007-2,L2022-00007-2,,L2022-00007-2,C,C,V3_CURATED_AREA_COST_RECHECK,MATCH,1458.0,275400.0,NOTICE_EXECUTION_CEILING,188.88888888888889,초기 스크리닝만,0,1,0,,,,project_no 안에 서로 다른 시설·Lot·설계·감리·공사 패키지가 있을 수 있어 1개 비용행으로 합산 금지,동일/제한 범위 공사금액÷면적 스크리닝 근거,https://nebid.koica.go.kr/oep/lobi/localBidManageDetail.do?P_LOAZ_BID_PBLANC_NO=L2022-00007&P_PBLANC_ODR=2,KOICA-AREA-COST-READINESS-2.0,2026-08-01
2020-00087,인도네시아,인도네시아 취약계층 청소년 사회복귀 지원사업 리모델링 시공업체 선정,1,1,1,L2023-00018-1,L2023-00018-1,L2023-00018-1,,L2023-00018-1,C,C,V3_CURATED_AREA_COST_RECHECK,MATCH,6149.0,2355000.0,NOTICE_EXECUTION_CEILING,382.98910391933646,초기 스크리닝만,0,1,0,,,,,동일/제한 범위 공사금액÷면적 스크리닝 근거,https://nebid.koica.go.kr/oep/lobi/localBidManageDetail.do?P_LOAZ_BID_PBLANC_NO=L2023-00018&P_PBLANC_ODR=1,KOICA-AREA-COST-READINESS-2.0,2026-08-01
2022-00079,인도네시아,인도네시아 사이버보안 훈련센터 신축공사 시공사 선정,1,1,1,L2025-00002-1,L2025-00002-1,L2025-00002-1,,L2025-00002-1,C,C,V3_CURATED_AREA_COST_RECHECK,MATCH,2457.53,2361000.0,NOTICE_EXECUTION_CEILING,960.7207236534243,초기 스크리닝만,0,1,0,,,,,동일/제한 범위 공사금액÷면적 스크리닝 근거,https://nebid.koica.go.kr/oep/lobi/localBidManageDetail.do?P_LOAZ_BID_PBLANC_NO=L2025-00002&P_PBLANC_ODR=1,KOICA-AREA-COST-READINESS-2.0,2026-08-01
2022-00027,캄보디아,캄보디아 국립어린이병원 내과계 병동건립 및 의료인력역량 강화사업 내과계 병동 신축공사 시공사 선정 입찰,1,1,1,L2025-00073-1,L2025-00073-1,L2025-00073-1,L2025-00073-1,L2025-00073-1,B,B,V3_ORIGINAL_MANUAL,MATCH,9053.0,11277000.0,NOTICE_EXECUTION_CEILING,1245.664420634044,현지단가 결합 수량모델,0,1,0,,,,,국립소아병원 공종별 blank BOQ,https://nebid.koica.go.kr/oep/lobi/localBidManageDetail.do?P_LOAZ_BID_PBLANC_NO=L2025-00073&P_PBLANC_ODR=1,KOICA-AREA-COST-READINESS-2.0,2026-08-01
2011-00008,캄보디아,캄보디아 앙두엉 안과전문병원 설립사업 리모델링 공사,1,1,1,L2023-00068-1,L2023-00068-1,L2023-00068-1,,L2023-00068-1,C,C,V3_CURATED_AREA_COST_RECHECK,MATCH,3500.0,239882.0,NOTICE_EXECUTION_CEILING,68.53771428571429,초기 스크리닝만,0,1,0,,,,,동일/제한 범위 공사금액÷면적 스크리닝 근거,https://nebid.koica.go.kr/oep/lobi/localBidManageDetail.do?P_LOAZ_BID_PBLANC_NO=L2023-00068&P_PBLANC_ODR=1,KOICA-AREA-COST-READINESS-2.0,2026-08-01
2017-07192,캄보디아,캄보디아 앙두엉 이비인후과(ENT)병원 역량강화사업 시공업체 선정 입찰,2,1,2,L2020-00001-1;L2020-00001-2,L2020-00001-1;L2020-00001-2,L2020-00001-2,,L2020-00001-2,C,C,V3_CURATED_AREA_COST_RECHECK,MATCH,4177.94,4080000.0,NOTICE_EXECUTION_CEILING,976.5578251482789,초기 스크리닝만,0,1,0,,,,project_no 안에 서로 다른 시설·Lot·설계·감리·공사 패키지가 있을 수 있어 1개 비용행으로 합산 금지,동일/제한 범위 공사금액÷면적 스크리닝 근거,https://nebid.koica.go.kr/oep/lobi/localBidManageDetail.do?P_LOAZ_BID_PBLANC_NO=L2020-00001&P_PBLANC_ODR=2,KOICA-AREA-COST-READINESS-2.0,2026-08-01
2019-00064,캄보디아,캄보디아 산학연계 비즈니스 인큐베이팅 체계 구축사업 시공업체 선정,1,1,1,L2021-00015-1,L2021-00015-1,L2021-00015-1,,L2021-00015-1,C,C,V3_CURATED_AREA_COST_RECHECK,MATCH,2299.26,2746477.0,NOTICE_EXECUTION_CEILING,1194.5047537033654,초기 스크리닝만,0,1,0,,,,,동일/제한 범위 공사금액÷면적 스크리닝 근거,https://nebid.koica.go.kr/oep/lobi/localBidManageDetail.do?P_LOAZ_BID_PBLANC_NO=L2021-00015&P_PBLANC_ODR=1,KOICA-AREA-COST-READINESS-2.0,2026-08-01
2019-00066,캄보디아,캄보디아 동북부 소외지역 모자보건 프로그램 시공업체 선정 현지입찰(3차 신규),4,3,4,L2021-00016-1;L2021-00016-2;L2021-00025-1;L2021-00037-1,L2021-00016-1;L2021-00016-2;L2021-00025-1;L2021-00037-1,L2021-00016-1,,L2021-00016-1,C,C,V3_CURATED_AREA_COST_RECHECK,MATCH,1325.32,1022588.0,ADVERTISED_ESTIMATED_BUDGET,771.5781848911961,초기 스크리닝만,0,1,0,,,,project_no 안에 서로 다른 시설·Lot·설계·감리·공사 패키지가 있을 수 있어 1개 비용행으로 합산 금지,동일/제한 범위 공사금액÷면적 스크리닝 근거,https://nebid.koica.go.kr/oep/lobi/localBidManageDetail.do?P_LOAZ_BID_PBLANC_NO=L2021-00016&P_PBLANC_ODR=1,KOICA-AREA-COST-READINESS-2.0,2026-08-01
2024-00015,캄보디아,캄보디아 당까오 후송병원 공공의료서비스 개선사업 병원신축 설계감리용역,1,1,1,L2025-00036-1,L2025-00036-1,L2025-00036-1,,L2025-00036-1,C,C,V3_CURATED_AREA_COST_RECHECK,MATCH_ATTACHMENT_CONSTRUCTION_BUDGET,3700.0,6600000.0,DESIGN_ESTIMATE,1783.7837837837837,초기 스크리닝만,0,1,0,,,,,동일/제한 범위 공사금액÷면적 스크리닝 근거,https://nebid.koica.go.kr/oep/lobi/localBidManageDetail.do?P_LOAZ_BID_PBLANC_NO=L2025-00036&P_PBLANC_ODR=1,KOICA-AREA-COST-READINESS-2.0,2026-08-01
2023-00008,캄보디아,캄보디아 직원훈련기관(TVET기관) ICT Lab 리모델링 설계·시공,1,1,0,,L2025-00056-1,L2025-00056-1,,L2025-00056-1,U,U,V3_SCOPE_REVIEW,NO_MATCH,,1343000.0,NOTICE_EXECUTION_CEILING,,계산 금지,0,0,0,,,,,공사 후보이나 유효 GFA 또는 같은 범위 금액이 없음,https://nebid.koica.go.kr/oep/lobi/localBidManageDetail.do?P_LOAZ_BID_PBLANC_NO=L2025-00056&P_PBLANC_ODR=1,KOICA-AREA-COST-READINESS-2.0,2026-08-01
2021-00126,케냐,케냐 카지아도주 보건시스템 강화를 위한 모성 및 신생아 보건 개선사업 설계 및 감리용역,2,2,1,L2025-00008-1,L2024-00035-1;L2025-00008-1,L2025-00008-1,,L2025-00008-1,C,C,V3_CURATED_AREA_COST_RECHECK,MATCH,404.94,555810.0,NOTICE_EXECUTION_CEILING,1372.573714624389,초기 스크리닝만,0,1,0,,,,project_no 안에 서로 다른 시설·Lot·설계·감리·공사 패키지가 있을 수 있어 1개 비용행으로 합산 금지,동일/제한 범위 공사금액÷면적 스크리닝 근거,https://nebid.koica.go.kr/oep/lobi/localBidManageDetail.do?P_LOAZ_BID_PBLANC_NO=L2025-00008&P_PBLANC_ODR=1,KOICA-AREA-COST-READINESS-2.0,2026-08-01
2023-00067,코트디부아르,코트디부아르 펠릭스 우푸에 부아니대학교 ICT 교육역량 강화 및 ICT 혁신센터 설립사업 PETROCI 건물 리모델링 공사,4,3,1,L2025-00052-1,L2024-00048-1;L2024-00056-1;L2024-00056-2;L2025-00052-1,L2025-00052-1,,L2025-00052-1,C,C,V3_CURATED_AREA_COST_RECHECK,MATCH,1500.0,1963286.0,NOTICE_EXECUTION_CEILING,1308.8573333333334,초기 스크리닝만,0,1,0,,,,project_no 안에 서로 다른 시설·Lot·설계·감리·공사 패키지가 있을 수 있어 1개 비용행으로 합산 금지,동일/제한 범위 공사금액÷면적 스크리닝 근거,https://nebid.koica.go.kr/oep/lobi/localBidManageDetail.do?P_LOAZ_BID_PBLANC_NO=L2025-00052&P_PBLANC_ODR=1,KOICA-AREA-COST-READINESS-2.0,2026-08-01
2021-00104,코트디부아르,[긴급] 코트디부아르 국립직업기술교육원 교사 ICT기반 교수역량강화사업 리모델링 공사,2,1,0,,L2024-00068-1;L2024-00068-2,L2024-00068-2,,L2024-00068-2,U,U,V3_SCOPE_REVIEW,PARTIAL_SCOPE,,440000.0,NOTICE_EXECUTION_CEILING,,계산 금지,0,0,0,,,,project_no 안에 서로 다른 시설·Lot·설계·감리·공사 패키지가 있을 수 있어 1개 비용행으로 합산 금지,면적과 금액 범위가 부분·혼합되어 계산 금지,https://nebid.koica.go.kr/oep/lobi/localBidManageDetail.do?P_LOAZ_BID_PBLANC_NO=L2024-00068&P_PBLANC_ODR=2,KOICA-AREA-COST-READINESS-2.0,2026-08-01
2019-03655,키르기스스탄,키르기스스탄 추이 주 교내 위생환경 개선 사업(프로젝트봉사단) 리모델링 시공업체 선정 현지 입찰,1,1,1,L2025-00099-1,L2025-00099-1,L2025-00099-1,,L2025-00099-1,C,C,V3_CURATED_AREA_COST_RECHECK,MATCH,255.52,200000.0,NOTICE_EXECUTION_CEILING,782.7175954915466,초기 스크리닝만,0,1,0,,,,,동일/제한 범위 공사금액÷면적 스크리닝 근거,https://nebid.koica.go.kr/oep/lobi/localBidManageDetail.do?P_LOAZ_BID_PBLANC_NO=L2025-00099&P_PBLANC_ODR=1,KOICA-AREA-COST-READINESS-2.0,2026-08-01
2024-00105,키르기스스탄,키르기스스탄 디지털 전환을 위한 국가 정보화 역량 강화 사업 ICT 교육센터 신축공사를 위한 설계 및 저작권감리용역,1,1,1,L2025-00097-1,L2025-00097-1,L2025-00097-1,,L2025-00097-1,C,C,V3_CURATED_AREA_COST_RECHECK,MATCH_ATTACHMENT_CONSTRUCTION_BUDGET,1179.0,1704050.0,DESIGN_ESTIMATE,1445.3350296861747,초기 스크리닝만,0,1,0,,,,,동일/제한 범위 공사금액÷면적 스크리닝 근거,https://nebid.koica.go.kr/oep/lobi/localBidManageDetail.do?P_LOAZ_BID_PBLANC_NO=L2025-00097&P_PBLANC_ODR=1,KOICA-AREA-COST-READINESS-2.0,2026-08-01
2019-00015,키르기즈,키르기즈공화국 유기농업 정책이행지원 및 역량강화사업 유기농 로컬푸드마켓 현지 설계 및 감리업체 선정,3,3,2,L2022-00055-1;L2023-00035-1,L2021-00036-1;L2022-00055-1;L2023-00035-1,L2023-00035-1,,L2023-00035-1,C,C,V3_CURATED_AREA_COST_RECHECK,MATCH,1739.82,388511.0,NOTICE_EXECUTION_CEILING,223.30528445471373,초기 스크리닝만,0,1,0,,,,project_no 안에 서로 다른 시설·Lot·설계·감리·공사 패키지가 있을 수 있어 1개 비용행으로 합산 금지,동일/제한 범위 공사금액÷면적 스크리닝 근거,https://nebid.koica.go.kr/oep/lobi/localBidManageDetail.do?P_LOAZ_BID_PBLANC_NO=L2023-00035&P_PBLANC_ODR=1,KOICA-AREA-COST-READINESS-2.0,2026-08-01
2020-00099,키르기즈,키르기스스탄 G-cloud 센터 인테리어 리모델링 시공 입찰,1,1,1,L2023-00067-1,L2023-00067-1,L2023-00067-1,,L2023-00067-1,C,C,V3_CURATED_AREA_COST_RECHECK,MATCH,420.0,280621.0,NOTICE_EXECUTION_CEILING,668.1452380952381,초기 스크리닝만,0,1,0,,,,,동일/제한 범위 공사금액÷면적 스크리닝 근거,https://nebid.koica.go.kr/oep/lobi/localBidManageDetail.do?P_LOAZ_BID_PBLANC_NO=L2023-00067&P_PBLANC_ODR=1,KOICA-AREA-COST-READINESS-2.0,2026-08-01
2023-00030,키르기즈,"키르기즈공화국 가축 품종개량 및 인공수정인력 역량강화사업 연수센터 신축, 바이오센터 리모델링 설계 및 저작권감리용역",1,1,0,,L2024-00041-1,L2024-00041-1,,,X,X,V3_SCOPE_REVIEW,NO_MATCH,1825.0,,SERVICE_OR_GOODS_CEILING,,계산 금지,0,0,0,,,,,설계·감리·기타 용역 집행한도는 건축공사비가 아님,https://nebid.koica.go.kr/oep/lobi/localBidManageDetail.do?P_LOAZ_BID_PBLANC_NO=L2024-00041&P_PBLANC_ODR=1,KOICA-AREA-COST-READINESS-2.0,2026-08-01
2014-00024,투르크메니스탄,투르크메니스탄 가스직업훈련원 역량강화사업 설계시공입찰,1,1,1,L2017-00011-1,L2017-00011-1,L2017-00011-1,,L2017-00011-1,C,C,V3_CURATED_AREA_COST_RECHECK,MATCH,2250.0,2550000.0,NOTICE_EXECUTION_CEILING,1133.3333333333333,초기 스크리닝만,0,1,0,,,,,동일/제한 범위 공사금액÷면적 스크리닝 근거,https://nebid.koica.go.kr/oep/lobi/localBidManageDetail.do?P_LOAZ_BID_PBLANC_NO=L2017-00011&P_PBLANC_ODR=1,KOICA-AREA-COST-READINESS-2.0,2026-08-01
2016-00002,파라과이,파라과이 센트럴주 림삐오시 보건의료체계 형성 및 의료강화사업/ 보건소 신축 1단계 공사,1,1,1,L2018-00011-1,L2018-00011-1,L2018-00011-1,,L2018-00011-1,C,C,V3_CURATED_AREA_COST_RECHECK,MATCH,1987.0,1623300.0,NOTICE_EXECUTION_CEILING,816.9602415702063,초기 스크리닝만,0,1,0,,,,,동일/제한 범위 공사금액÷면적 스크리닝 근거,https://nebid.koica.go.kr/oep/lobi/localBidManageDetail.do?P_LOAZ_BID_PBLANC_NO=L2018-00011&P_PBLANC_ODR=1,KOICA-AREA-COST-READINESS-2.0,2026-08-01
2016-00003,파라과이,파라과이 취약계층 노인 보건의료복지센터 정책수립 지원사업 산토 도밍고 노인 보인의료복지센터 신축 공사 시공자 선정 현지국제입찰,1,1,1,L2018-00014-1,L2018-00014-1,L2018-00014-1,,L2018-00014-1,C,C,V3_CURATED_AREA_COST_RECHECK,MATCH,6428.0,4466261,BASIC_ESTIMATED_PRICE,694.8134723086497,초기 스크리닝만,0,1,0,,,,,동일/제한 범위 공사금액÷면적 스크리닝 근거,https://nebid.koica.go.kr/oep/lobi/localBidManageDetail.do?P_LOAZ_BID_PBLANC_NO=L2018-00014&P_PBLANC_ODR=1,KOICA-AREA-COST-READINESS-2.0,2026-08-01
2019-00032,파라과이,파라과이 항공 전문인력 역량강화사업 항공훈련센터 현지 시공사 선정 국제경쟁 입찰,4,4,2,L2021-00030-1;L2021-00045-1,L2021-00030-1;L2021-00042-1;L2021-00045-1;L2022-00002-1,L2021-00045-1,,L2021-00045-1,C,C,V3_CURATED_AREA_COST_RECHECK,MATCH,2866.41,2415000.0,NOTICE_EXECUTION_CEILING,842.5172951531707,초기 스크리닝만,0,1,0,,,,project_no 안에 서로 다른 시설·Lot·설계·감리·공사 패키지가 있을 수 있어 1개 비용행으로 합산 금지,동일/제한 범위 공사금액÷면적 스크리닝 근거,https://nebid.koica.go.kr/oep/lobi/localBidManageDetail.do?P_LOAZ_BID_PBLANC_NO=L2021-00045&P_PBLANC_ODR=1,KOICA-AREA-COST-READINESS-2.0,2026-08-01
2021-00064,파라과이,파라과이 멀티미디어 교육지원센터 설립을 통한 교육접근성 향상사업(설계 용역 입찰),1,1,0,,L2023-00021-1,L2023-00021-1,,,X,X,V3_SCOPE_REVIEW,NO_MATCH,1000.0,,SERVICE_OR_GOODS_CEILING,,계산 금지,0,0,0,,,,,설계·감리·기타 용역 집행한도는 건축공사비가 아님,https://nebid.koica.go.kr/oep/lobi/localBidManageDetail.do?P_LOAZ_BID_PBLANC_NO=L2023-00021&P_PBLANC_ODR=1,KOICA-AREA-COST-READINESS-2.0,2026-08-01
2019-00045,파키스탄,파키스탄 태양전지모듈 인증시험소 설립사업 시험소 신축공사 시공업체 선정 입찰,1,1,1,L2021-00031-1,L2021-00031-1,L2021-00031-1,,L2021-00031-1,C,C,V3_CURATED_AREA_COST_RECHECK,MATCH,2349.2,1839007.0,NOTICE_EXECUTION_CEILING,782.8226630342244,초기 스크리닝만,0,1,0,,,,,동일/제한 범위 공사금액÷면적 스크리닝 근거,https://nebid.koica.go.kr/oep/lobi/localBidManageDetail.do?P_LOAZ_BID_PBLANC_NO=L2021-00031&P_PBLANC_ODR=1,KOICA-AREA-COST-READINESS-2.0,2026-08-01
2022-00598,파키스탄,파키스탄 국립섬유대학 산업용 섬유센터 설립사업 2차사업 설계용역,4,4,2,L2025-00011-1;L2025-00047-1,L2024-00001-1;L2025-00011-1;L2025-00014-1;L2025-00047-1,L2025-00047-1,,L2025-00047-1,C,C,V3_CURATED_AREA_COST_RECHECK,MATCH,1980.0,1964270.0,NOTICE_EXECUTION_CEILING,992.0555555555555,초기 스크리닝만,0,1,0,,,,project_no 안에 서로 다른 시설·Lot·설계·감리·공사 패키지가 있을 수 있어 1개 비용행으로 합산 금지,동일/제한 범위 공사금액÷면적 스크리닝 근거,https://nebid.koica.go.kr/oep/lobi/localBidManageDetail.do?P_LOAZ_BID_PBLANC_NO=L2025-00047&P_PBLANC_ODR=1,KOICA-AREA-COST-READINESS-2.0,2026-08-01
2020-00104,파키스탄,파키스탄 아동 및 지역 영양 개선을 위한 영양교육센터 설립사업 설계 및 감리용역,2,2,1,L2022-00034-1,L2021-00012-1;L2022-00034-1,L2022-00034-1,,L2022-00034-1,C?,C?,V2R_HUMAN_REVIEWED_EXTRACTION,MATCH,3046.75,2462409.0,NOTICE_EXECUTION_CEILING,808.2084188069255,초기 스크리닝만,0,1,0,,,,project_no 안에 서로 다른 시설·Lot·설계·감리·공사 패키지가 있을 수 있어 1개 비용행으로 합산 금지,범위 일치 잠정확인; 원본 V3 확인 전 직접 사용 금지,https://nebid.koica.go.kr/oep/lobi/localBidManageDetail.do?P_LOAZ_BID_PBLANC_NO=L2022-00034&P_PBLANC_ODR=1,KOICA-AREA-COST-READINESS-2.0,2026-08-01
2012-00016,파키스탄,건조농대 농축산 역량강화센터 및 수자원 연수센터 사후관리를 위한 시공업체 선정입찰,1,1,0,,L2021-00017-1,L2021-00017-1,,L2021-00017-1,U,U,V3_SCOPE_REVIEW,PARTIAL_SCOPE,,731618.0,NOTICE_EXECUTION_CEILING,,계산 금지,0,0,0,,,,,면적과 금액 범위가 부분·혼합되어 계산 금지,https://nebid.koica.go.kr/oep/lobi/localBidManageDetail.do?P_LOAZ_BID_PBLANC_NO=L2021-00017&P_PBLANC_ODR=1,KOICA-AREA-COST-READINESS-2.0,2026-08-01
2017-14639,페루,페루 제3 한·페 의료센터 건립사업 리모델링 설계용역 입찰(재공고),2,2,0,,L2025-00009-1;L2025-00025-1,L2025-00025-1,,,X,X,V3_SCOPE_REVIEW,NO_MATCH,1656.9,,SERVICE_OR_GOODS_CEILING,,계산 금지,0,0,0,,,,project_no 안에 서로 다른 시설·Lot·설계·감리·공사 패키지가 있을 수 있어 1개 비용행으로 합산 금지,설계·감리·기타 용역 집행한도는 건축공사비가 아님,https://nebid.koica.go.kr/oep/lobi/localBidManageDetail.do?P_LOAZ_BID_PBLANC_NO=L2025-00025&P_PBLANC_ODR=1,KOICA-AREA-COST-READINESS-2.0,2026-08-01
2022-00058,페루,페루 쿠스코시 폐기물 통합관리 및 순환경제 구축사업 퇴비화 시범 플랜트 설계용역,2,2,0,,L2024-00055-1;L2024-00076-1,L2024-00076-1,,,X,X,V3_SCOPE_REVIEW,NO_MATCH,,,SERVICE_OR_GOODS_CEILING,,계산 금지,0,0,0,,,,project_no 안에 서로 다른 시설·Lot·설계·감리·공사 패키지가 있을 수 있어 1개 비용행으로 합산 금지,설계·감리·기타 용역 집행한도는 건축공사비가 아님,https://nebid.koica.go.kr/oep/lobi/localBidManageDetail.do?P_LOAZ_BID_PBLANC_NO=L2024-00076&P_PBLANC_ODR=1,KOICA-AREA-COST-READINESS-2.0,2026-08-01
2022-00076,피지,피지 국립재활센터 건립사업 설계 및 감리용역 현지입찰계획,3,2,3,L2023-00038-1;L2025-00051-1;L2025-00051-2,L2023-00038-1;L2025-00051-1;L2025-00051-2,L2025-00051-2,L2025-00051-2,L2025-00051-2,B,B,V3_ORIGINAL_MANUAL,PARTIAL_SCOPE,2686.4,6767312.0,NOTICE_EXECUTION_CEILING,2519.1006551518763,현지단가 결합 수량모델,0,1,0,,,,project_no 안에 서로 다른 시설·Lot·설계·감리·공사 패키지가 있을 수 있어 1개 비용행으로 합산 금지,재공고의 동일 피지 blank BOQ; 한 표본으로 처리,https://nebid.koica.go.kr/oep/lobi/localBidManageDetail.do?P_LOAZ_BID_PBLANC_NO=L2025-00051&P_PBLANC_ODR=2,KOICA-AREA-COST-READINESS-2.0,2026-08-01
2023-00032,피지,피지국립의과대학 의료인력 역량강화사업 설계 및 감리용역,1,1,1,L2024-00066-1,L2024-00066-1,L2024-00066-1,,L2024-00066-1,C,C,V3_CURATED_AREA_COST_RECHECK,MATCH_ATTACHMENT_CONSTRUCTION_BUDGET,1060.0,2406346.0,DESIGN_ESTIMATE,2270.1377358490568,초기 스크리닝만,0,1,0,,,,,동일/제한 범위 공사금액÷면적 스크리닝 근거,https://nebid.koica.go.kr/oep/lobi/localBidManageDetail.do?P_LOAZ_BID_PBLANC_NO=L2024-00066&P_PBLANC_ODR=1,KOICA-AREA-COST-READINESS-2.0,2026-08-01
2021-00097,피지,피지 농업공존형 태양광 발전사업(GCF) 영농기술센터 및 농기자재 보관창고 신축 설계 및 감리용역,1,1,0,,L2023-00030-1,L2023-00030-1,,,X,X,V3_SCOPE_REVIEW,NO_MATCH,1100.0,,SERVICE_OR_GOODS_CEILING,,계산 금지,0,0,0,,,,,설계·감리·기타 용역 집행한도는 건축공사비가 아님,https://nebid.koica.go.kr/oep/lobi/localBidManageDetail.do?P_LOAZ_BID_PBLANC_NO=L2023-00030&P_PBLANC_ODR=1,KOICA-AREA-COST-READINESS-2.0,2026-08-01
2016-20150,필리핀,필리핀 퀴리노주 농촌종합개발 2차 사업 설계 및 시공 일괄용역,2,2,2,L2018-00012-1;L2022-00042-1,L2018-00012-1;L2022-00042-1,L2018-00012-1,,L2018-00012-1,C,C,V3_CURATED_AREA_COST_RECHECK,MATCH,6615.0,4374688,ADVERTISED_ESTIMATED_BUDGET,661.3284958427815,초기 스크리닝만,0,1,0,,,,project_no 안에 서로 다른 시설·Lot·설계·감리·공사 패키지가 있을 수 있어 1개 비용행으로 합산 금지,동일/제한 범위 공사금액÷면적 스크리닝 근거,https://nebid.koica.go.kr/oep/lobi/localBidManageDetail.do?P_LOAZ_BID_PBLANC_NO=L2018-00012&P_PBLANC_ODR=1,KOICA-AREA-COST-READINESS-2.0,2026-08-01
2021-00072,필리핀,(재공고) 필리핀 국립대학교 로스바뇨스(UPLB) 첨단농업연구센터 신축공사,1,1,1,L2023-00054-2,L2023-00054-2,L2023-00054-2,,L2023-00054-2,C?,C?,V2R_HUMAN_REVIEWED_EXTRACTION,MATCH,6682.62,5107200.0,NOTICE_EXECUTION_CEILING,764.2511470052166,초기 스크리닝만,0,1,0,,,,,범위 일치 잠정확인; 원본 V3 확인 전 직접 사용 금지,https://nebid.koica.go.kr/oep/lobi/localBidManageDetail.do?P_LOAZ_BID_PBLANC_NO=L2023-00054&P_PBLANC_ODR=2,KOICA-AREA-COST-READINESS-2.0,2026-08-01
2017-15267,필리핀,필리핀 사무소 이전 관련 마감공사,1,1,0,,L2019-00046-1,L2019-00046-1,,,U,U,V3_SCOPE_REVIEW,PARTIAL_MIXED_COST,679.0,,SERVICE_OR_GOODS_CEILING,,계산 금지,0,0,0,,,,,면적과 금액 범위가 부분·혼합되어 계산 금지,https://nebid.koica.go.kr/oep/lobi/localBidManageDetail.do?P_LOAZ_BID_PBLANC_NO=L2019-00046&P_PBLANC_ODR=1,KOICA-AREA-COST-READINESS-2.0,2026-08-01
2020-00094,필리핀,필리핀 농기계현대화센터 구축 및 역량강화 사업 건축 설계용역,2,2,0,,L2021-00014-1;L2022-00009-1,L2022-00009-1,,,X,X,V3_SCOPE_REVIEW,NO_MATCH,,,SERVICE_OR_GOODS_CEILING,,계산 금지,0,0,0,,,,project_no 안에 서로 다른 시설·Lot·설계·감리·공사 패키지가 있을 수 있어 1개 비용행으로 합산 금지,설계·감리·기타 용역 집행한도는 건축공사비가 아님,https://nebid.koica.go.kr/oep/lobi/localBidManageDetail.do?P_LOAZ_BID_PBLANC_NO=L2022-00009&P_PBLANC_ODR=1,KOICA-AREA-COST-READINESS-2.0,2026-08-01
2022-00069,필리핀,[재공고][긴급] 필리핀 기마라스주 해수양식센터 건립 설계 용역업체 선정,2,2,0,,L2025-00075-1;L2025-00094-1,L2025-00094-1,,,X,X,V3_SCOPE_REVIEW,NO_MATCH,8722.56,,SERVICE_OR_GOODS_CEILING,,계산 금지,0,0,0,,,,project_no 안에 서로 다른 시설·Lot·설계·감리·공사 패키지가 있을 수 있어 1개 비용행으로 합산 금지,설계·감리·기타 용역 집행한도는 건축공사비가 아님,https://nebid.koica.go.kr/oep/lobi/localBidManageDetail.do?P_LOAZ_BID_PBLANC_NO=L2025-00094&P_PBLANC_ODR=1,KOICA-AREA-COST-READINESS-2.0,2026-08-01
