number,bid_base_no,order,bid_no,title,contract_type,contract_method,notice_date,manager,construction_candidate
1,L2025-00110,1,L2025-00110-1,알제리 전자무역 사업 기자재(데스크탑) 공급,물품,일반경쟁,2025-12-09,이일령,False
2,L2025-00109,1,L2025-00109-1,인도네시아 국립대학교 MOOC 교육시스템 구축업체 선정,용역,일반경쟁,2025-12-17,안광수,False
3,L2025-00108,1,L2025-00108-1,알제리 실험실 설계감리 용역,용역,일반경쟁,2025-11-26,이일령,True
4,L2025-00107,1,L2025-00107-1,(긴급) 세네갈 국가공중보건실험실(LNSP) 리모델링 시공 감리 용역 선정 현지입찰,용역,일반경쟁,2025-12-15,남다현,True
5,L2025-00106,1,L2025-00106-1,세네갈 실험실 리모델링 사업 Control Office 계약,용역,수의계약,2025-10-23,남다현,True
6,L2025-00105,1,L2025-00105-1,"KOICA 4차 단기교육과정 실습재료 공급(용접, 배관)",물품,일반경쟁,2025-11-26,김효제,False
7,L2025-00104,1,L2025-00104-1,캄보디아 직업훈련기관(TVET기관) ICT Lab 사무가구 기자재 공급 및 설치,물품,일반경쟁,2025-11-24,김수진,False
8,L2025-00103,1,L2025-00103-1,캄보디아 직업훈련기관(TVET기관) ICT Lab IT 기자재 공급 및 설치,물품,일반경쟁,2025-11-24,김수진,False
9,L2025-00102,1,L2025-00102-1,알제리 전자무역 사업 기자재(복합기) 공급,물품,일반경쟁,2025-11-12,이일령,False
10,L2025-00101,1,L2025-00101-1,알제리 전자무역 사업 기자재(데스크탑) 공급,물품,일반경쟁,2025-11-12,이일령,False
11,L2025-00100,2,L2025-00100-2,(재공고) 필리핀 기마라스주 수산양식역량강화 사업 차량 구매,물품,일반경쟁,2025-11-26,유지영,False
12,L2025-00100,1,L2025-00100-1,필리핀 기마라스주 수산양식역량강화 사업 차량 구매,물품,일반경쟁,2025-11-19,유지영,False
13,L2025-00099,1,L2025-00099-1,키르기스스탄 추이 주 교내 위생환경 개선 사업(프로젝트봉사단) 리모델링 시공업체 선정 현지 입찰,공사,일반경쟁,2025-11-13,김승연,True
14,L2025-00098,1,L2025-00098-1,우간다 국별협력사업 2건 사업수행용 차량 공급,물품,일반경쟁,2025-10-24,오정호,False
15,L2025-00097,1,L2025-00097-1,키르기스스탄 디지털 전환을 위한 국가 정보화 역량 강화 사업 ICT 교육센터 신축공사를 위한 설계 및 저작권감리용역,용역,일반경쟁,2025-10-29,박연수,True
16,L2025-00096,1,L2025-00096-1,파키스탄 아동 및 지역 영양 개선을 위한 영양교육센터 설립사업 차양 물품 구매,물품,수의계약,2025-10-21,백소담,False
17,L2025-00095,1,L2025-00095-1,방글라데시 청년창업 활성화를 위한 대학 창업교육 역량강화 지원사업 ICT 기자재 및 가구 공급업체 선정 현지 긴급 국제경쟁 입찰,물품,일반경쟁,2025-10-06,양현우,False
18,L2025-00094,1,L2025-00094-1,[재공고][긴급] 필리핀 기마라스주 해수양식센터 건립 설계 용역업체 선정,용역,일반경쟁,2025-10-22,유지영,True
19,L2025-00093,1,L2025-00093-1,(긴급) 카메룬 응급의료체계 구축사업 1차 기자재 구매,물품,일반경쟁,2025-10-21,나혜선,False
20,L2025-00092,1,L2025-00092-1,에콰도르 생물다양성 보전과 지속가능한 이용을 위한 국가 유전자원 데이터 은행 설립사업 실험실 기자재(바이오센터-2) 입찰,물품,일반경쟁,2025-09-25,배한준,False
21,L2025-00091,1,L2025-00091-1,라오스 남부 3개주 농촌종합개발사업 남부농업기술훈련원 가구 및 전자 기자재 입찰 용역,물품,일반경쟁,2025-09-03,김여진,False
22,L2025-00090,2,L2025-00090-2,인도네시아 재난대응 공공의료훈련 역량강화사업 설계사 선정,용역,일반경쟁,2025-12-17,안광수,True
23,L2025-00090,1,L2025-00090-1,인도네시아 재난대응 공공의료훈련 역량강화사업 설계사 선정,용역,일반경쟁,2025-10-17,안광수,True
24,L2025-00089,1,L2025-00089-1,우간다 국별협력사업 2건 사업수행용 차량 공급,물품,일반경쟁,2025-10-08,오정호,False
25,L2025-00088,1,L2025-00088-1,(긴급) 타지키스탄 전력소외 지역 전력망 구축 2차 사업 기자재 현지 입찰,물품,일반경쟁,2025-10-08,이창원,False
26,L2025-00087,1,L2025-00087-1,(긴급) 타지키스탄 전력소외 지역 전력망 구축 2차 사업 건축 현지 입찰,공사,일반경쟁,2025-10-08,이창원,True
27,L2025-00086,1,L2025-00086-1,네팔 Province4(간다키 주) 직업교육학교 건축 설계 및 감리 용역업체 선정,용역,일반경쟁,2025-09-08,최충희,True
28,L2025-00085,1,L2025-00085-1,(긴급) 한-이라크 심장병 어린이 전문 병원 신축공사(신규입찰),공사,일반경쟁,2025-10-06,김성욱,True
29,L2025-00084,1,L2025-00084-1,우간다 마케레레 대학 원격교육 조성사업 신축 공사,공사,일반경쟁,2025-09-29,김효제,True
30,L2025-00083,1,L2025-00083-1,KOICA 4차 단기교육과정 실습재료 공급(패션),물품,일반경쟁,2025-09-25,김효제,False
31,L2025-00082,1,L2025-00082-1,"KOICA 4차 단기교육과정 실습재료 공급(용접, 배관)",물품,일반경쟁,2025-09-25,김효제,False
32,L2025-00081,1,L2025-00081-1,"KOICA 4차 단기교육과정 실습재료 공급(전기, 자동차)",물품,일반경쟁,2025-09-25,김효제,False
33,L2025-00080,1,L2025-00080-1,(긴급) 세네갈 국가공중보건실험실(LNSP) 리모델링 시공사 선정 현지입찰,공사,일반경쟁,2025-09-29,남다현,True
34,L2025-00079,1,L2025-00079-1,인도네시아 보고르 대학교 농업생명과학 연구센터 신축공사 시공사 선정,공사,일반경쟁,2025-09-19,안광수,True
35,L2025-00078,1,L2025-00078-1,볼리비아 엘알또 모성보건센터 신축/증축/보수 공사 설계사 선정,용역,일반경쟁,2025-09-26,김도아,True
36,L2025-00077,1,L2025-00077-1,(긴급) 세네갈 콜다주 통합적 접근을 통한 미곡가치사슬 강화사업 관개지 개보수/건물 신축·개보수에 관한 세부설계 및 시공감리 용역 현지 긴급입찰,용역,일반경쟁,2025-09-17,권나연,True
37,L2025-00076,1,L2025-00076-1,키르기스스탄 그린모빌리티 실현을 위한 공공기관 전기차 전환사업 2025년 전기차 공급,물품,일반경쟁,2025-09-12,김영현,False
38,L2025-00075,1,L2025-00075-1,(긴급) 필리핀 기마라스주 해수양식센터 건립 설계 용역업체 선정,용역,일반경쟁,2025-09-13,유지영,True
39,L2025-00074,1,L2025-00074-1,파라과이 아순시온 대중교통 개선사업 신호제어기 자동전압조정기(AVR) 구매,물품,일반경쟁,2025-08-25,신영희,False
40,L2025-00073,1,L2025-00073-1,캄보디아 국립어린이병원 내과계 병동건립 및 의료인력역량 강화사업 내과계 병동 신축공사 시공사 선정 입찰,공사,일반경쟁,2025-09-08,이지혜,True
41,L2025-00072,1,L2025-00072-1,방글라데시 사이버안전을 위한 디지털 수사 역량 확산 사업(20-26/480만불) 기자재 공급,물품,일반경쟁,2025-09-11,공수진,False
42,L2025-00071,1,L2025-00071-1,한-이라크 심장병 어린이 전문병원 신축공사(재공고),공사,일반경쟁,2025-09-08,김성욱,True
43,L2025-00070,1,L2025-00070-1,한-이라크 심장병 어린이 전문병원 신축공사,공사,일반경쟁,2025-07-10,김성욱,True
44,L2025-00069,1,L2025-00069-1,[국제]나이지리아 디지털 거버넌스 기반환경 조성사업 NIN 등록 기자재 공급,물품,일반경쟁,2025-10-03,백기현,False
45,L2025-00068,1,L2025-00068-1,볼리비아 추키사카 과학수사연구소 신축공사 설계사 선정 입찰,용역,일반경쟁,2025-09-12,김도아,True
46,L2025-00067,2,L2025-00067-2,우즈베키스탄 지질재해와 지질자원 통합관리시스템 구축사업 DB 구축 전산기자재 현지 구매 입찰,물품,일반경쟁,2025-09-23,박설리,False
47,L2025-00067,1,L2025-00067-1,우즈베키스탄 지질재해와 지질자원 통합관리시스템 구축사업 DB 구축 전산기자재 현지 구매 입찰,물품,일반경쟁,2025-09-09,박설리,False
48,L2025-00066,1,L2025-00066-1,파키스탄 펀잡주 물탄시 우수저류시설 기본 및 실시설계 수립용역 현지입찰,용역,일반경쟁,2025-08-26,고하림,True
49,L2025-00065,1,L2025-00065-1,타지키스탄 농업용수 관개 관리 현대화 지원 사업 수로 준설 기자재 현지 입찰,물품,일반경쟁,2025-09-01,홍지예,False
50,L2025-00064,1,L2025-00064-1,에콰도르 쿠엔카시 순환경제를 위한 폐기물 통합 관리 및 자원순환 역량강화사업 피차카이 자원집적단지 3개 시설 설계,용역,일반경쟁,2025-10-06,홍의기,True
51,L2025-00063,1,L2025-00063-1,(긴급) 가나대학교 한-가나 연구 및 ICT 혁신센터 건립사업 시공감리용역 선정,용역,일반경쟁,2025-08-08,편신영,True
52,L2025-00062,1,L2025-00062-1,우간다 농업지도자 연수원 자립적 운영체계구축 및 연수역량 강화사업 시범농장 신축 공사,공사,일반경쟁,2025-08-06,오정호,True
53,L2025-00061,1,L2025-00061-1,가나 보건의료서비스네트워크(NoP) 강화를 통한 생식모자청소년보건영양 증진사업 회계감사 용역,용역,일반경쟁,2025-08-04,우경아,False
54,L2025-00060,1,L2025-00060-1,코트디부아르 지역균형발전을 위한 중부지역 직업전문학교 역량강화사업 설계 및 시공감리용역,용역,일반경쟁,2025-08-08,박채훈,True
55,L2025-00059,1,L2025-00059-1,필리핀 기마라스주 해수양식센터 건립 설계 및 시공감리 용역업체 선정,용역,일반경쟁,2025-08-07,유지영,True
56,L2025-00058,1,L2025-00058-1,키르키즈공화국 국회 디지털화 사업 시공,공사,일반경쟁,2025-08-05,정가영,True
57,L2025-00057,2,L2025-00057-2,키르기스스탄 그린모빌리티 실현을 위한 공공기관 전기차 전환사업 2025년 전기차 공급,물품,일반경쟁,2025-09-02,김영현,False
58,L2025-00057,1,L2025-00057-1,키르기스스탄 그린모빌리티 실현을 위한 공공기관 전기차 전환사업 2025년 전기차 공급,물품,일반경쟁,2025-08-01,김영현,False
59,L2025-00056,1,L2025-00056-1,캄보디아 직원훈련기관(TVET기관) ICT Lab 리모델링 설계·시공,공사,일반경쟁,2025-08-01,김수진,True
60,L2025-00055,1,L2025-00055-1,요르단 제라시주 알나심지역 노후 상수도 관망 개선사업 현지 설계감리사 입찰,용역,조달위탁,2025-06-17,전지현,True
61,L2025-00054,1,L2025-00054-1,키르키즈공화국 국회 디지털화 사업 시공,공사,일반경쟁,2025-07-24,표경주,True
62,L2025-00053,1,L2025-00053-1,탄자니아 잔지바르 해양수산분야 가치사슬구축 및 소득증대를 통한 여성권익 강화사업 설계 및 감리용역,용역,일반경쟁,2025-07-07,백승훈,True
63,L2025-00052,1,L2025-00052-1,코트디부아르 펠릭스 우푸에 부아니대학교 ICT 교육역량 강화 및 ICT 혁신센터 설립사업 PETROCI 건물 리모델링 공사,공사,제한경쟁,2025-07-04,박채훈,True
64,L2025-00051,2,L2025-00051-2,피지 국립재활센터 신축 공사,공사,일반경쟁,2025-09-12,장정인,True
65,L2025-00051,1,L2025-00051-1,피지 국립재활센터 신축 공사,공사,일반경쟁,2025-07-11,장정인,True
66,L2025-00050,2,L2025-00050-2,베트남 한베 ICT 대학교 교육역량 강화 지원사업 스마트 캠퍼스 구축 물품(상용 소프트웨어) 현지구매 계약,물품,일반경쟁,2025-07-22,김나래,False
67,L2025-00050,1,L2025-00050-1,베트남 한베 ICT 대학교 교육역량 강화 지원사업 스마트 캠퍼스 구축 물품(상용 소프트웨어) 현지구매 계약,물품,일반경쟁,2025-07-09,김나래,False
68,L2025-00049,2,L2025-00049-2,우크라이나 키이우주 재활의료 역량강화사업 재활센터 리모델링을 위한 설계 및 저작권 감리용역 현지 입찰,용역,일반경쟁,2025-08-05,김승범,True
69,L2025-00049,1,L2025-00049-1,우크라이나 키이우주 재활의료 역량강화사업 재활센터 리모델링을 위한 설계 및 저작권 감리용역 현지 입찰,용역,일반경쟁,2025-06-26,김승범,True
70,L2025-00048,1,L2025-00048-1,가나대학교 한-가나 연구 및 ICT 혁신센터 건립사업 시공감리용역,용역,일반경쟁,2025-07-04,오은수,True
71,L2025-00047,1,L2025-00047-1,파키스탄 국립섬유대학 산업용 섬유센터 설립사업 2차사업 공사,공사,일반경쟁,2025-06-21,백소담,True
72,L2025-00046,1,L2025-00046-1,우간다 주요 채소작물 종자 가치사슬 역량강화사업 농기계 기자재 공급 현지입찰(재공고),물품,일반경쟁,2025-06-18,조숭호,False
73,L2025-00045,2,L2025-00045-2,“이라크 쿠르드 지역학교 내 난민통합교육 강화사업” 선도학교 및 교사연수센터 신축을 위한 설계 및 시공감리 업체 선정,용역,일반경쟁,2025-08-28,정준영,True
74,L2025-00045,1,L2025-00045-1,“이라크 쿠르드 지역학교 내 난민통합교육 강화사업” 선도학교 및 교사연수센터 신축을 위한 설계 및 시공감리 업체 선정,용역,일반경쟁,2025-06-15,정준영,True
75,L2025-00044,1,L2025-00044-1,우간다 주요 채소작물 종자 가치사슬 역량강화사업 농기계 기자재 공급 현지입찰,물품,일반경쟁,2025-05-01,조숭호,False
76,L2025-00043,1,L2025-00043-1,우간다 주요 채소작물 종자 가치사슬 역량강화사업 실험실 기자재 공급용역,물품,일반경쟁,2025-05-01,조숭호,False
77,L2025-00042,2,L2025-00042-2,에콰도르 생물다양성 보전과 지속가능한 이용을 위한 국가 유전자원 데이터 은행 설립사업(22-28/900만불)  기자재(바이오센터-2) 입찰,물품,일반경쟁,2025-10-17,배한준,False
78,L2025-00042,1,L2025-00042-1,에콰도르 생물다양성 보전과 지속가능한 이용을 위한 국가 유전자원 데이터 은행 설립사업(22-28/900만불)  기자재(바이오센터-2) 입찰,물품,일반경쟁,2025-09-25,배한준,False
79,L2025-00041,2,L2025-00041-2,에콰도르 생물다양성 보전과 지속가능한 이용을 위한 국가 유전자원 데이터 은행 설립사업 실험실 기자재(바이오센터-1) 입찰,물품,일반경쟁,2025-09-03,배한준,False
80,L2025-00041,1,L2025-00041-1,에콰도르 생물다양성 보전과 지속가능한 이용을 위한 국가 유전자원 데이터 은행 설립사업 실험실 기자재(바이오센터-1) 입찰,물품,일반경쟁,2025-07-10,배한준,False
81,L2025-00040,1,L2025-00040-1,베트남 띠엔비엔성 소외지역 전력인프라 구축을 통한 농촌 자립역량 강화사업 환경사회영향평가,용역,일반경쟁,2025-06-04,김여호,False
82,L2025-00038,1,L2025-00038-1,도미니카공화국 몬테 크리스티 직업훈련센터 (MVC) 감리사 선정,용역,일반경쟁,2025-06-09,강현한,True
83,L2025-00037,1,L2025-00037-1,캄보디아 고등인재양성 왕립프놈펜대학 환경공학과 설립사업 고급 실험 기자재 구매 입찰,물품,일반경쟁,2024-06-20,채정원,False
84,L2025-00036,1,L2025-00036-1,캄보디아 당까오 후송병원 공공의료서비스 개선사업 병원신축 설계감리용역,용역,일반경쟁,2025-05-30,신정연,True
85,L2025-00035,1,L2025-00035-1,캄보디아 고등인재양성 왕립프놈펜대학 환경공학과 설립사업 에너지/자원 분야 실험 기자재 구매 입찰,물품,일반경쟁,2025-06-02,채정원,False
86,L2025-00034,2,L2025-00034-2,[재공고] 캄보디아 고등인재양성 왕립프놈펜대학 환경공학과 설립사업 사무실 기자재 2차 구매 입찰,물품,일반경쟁,2025-07-23,김수진,False
87,L2025-00034,1,L2025-00034-1,캄보디아 고등인재양성 왕립프놈펜대학 환경공학과 설립사업 사무실 기자재 2차 구매 입찰,물품,일반경쟁,2025-05-28,김수진,False
88,L2025-00033,1,L2025-00033-1,(3차공고) 세네갈 콜다주 통합적 접근을 통한 미곡가치사슬 강화사업 차량 공급업체 선정 현지입찰 계획(안),물품,일반경쟁,2025-06-27,권나연,False
89,L2025-00032,2,L2025-00032-2,카메룬 전자정부 인식개선 및 역량강화 사업 신축 시공 입찰,공사,일반경쟁,2025-07-28,이상은,True
90,L2025-00032,1,L2025-00032-1,카메룬 전자정부 인식개선 및 역량강화 사업 신축 시공 입찰,공사,일반경쟁,2025-05-28,이상은,True
91,L2025-00031,1,L2025-00031-1,캄보디아 농촌공동체 개발사업 사후지원 캄-한 농촌개발센터 개보수 시공 입찰,공사,일반경쟁,2025-05-28,신용화,True
92,L2025-00030,1,L2025-00030-1,볼리비아 라파스주 임상병리검사실체계 강화사업 감염병 예방의학연구소 구축 감리사 선정,용역,일반경쟁,2025-06-06,김도아,True
93,L2025-00029,1,L2025-00029-1,볼리비아 라파스주 임상병리검사실체계 강화사업 감염병 예방의학연구소 구축 시공사 선정,공사,일반경쟁,2025-05-29,김도아,True
94,L2025-00028,1,L2025-00028-1,키르키즈공화국 국회 디지털화 사업 시공,공사,일반경쟁,2025-05-21,표경주,True
95,L2025-00027,1,L2025-00027-1,캄보디아 농촌종합개발을 통한 평화마을 조성사업 농업기술지도 수행업체 선정(2차) (긴급),용역,일반경쟁,2025-05-20,신용화,False
96,L2025-00025,1,L2025-00025-1,페루 제3 한·페 의료센터 건립사업 리모델링 설계용역 입찰(재공고),용역,일반경쟁,2025-04-23,송병주,True
97,L2025-00024,1,L2025-00024-1,베트남 한베 ICT 대학교 교육역량 강화 지원사업 ICT 혁신센터 구축 물품 현지구매(제조) 계약,물품,일반경쟁,2025-05-02,류누리,False
98,L2025-00023,1,L2025-00023-1,베트남 한베 ICT 대학교 교육역량 강화 지원사업 스마트 캠퍼스 구축 물품(상용 소프트웨어) 현지구매 계약,물품,일반경쟁,2025-04-28,류누리,False
99,L2025-00022,1,L2025-00022-1,(재공고) 세네갈 콜다주 통합적 접근을 통한 미곡가치사슬 강화사업 차량 공급업체 선정 현지입찰 계획(안),물품,일반경쟁,2025-04-16,권나연,False
100,L2025-00021,1,L2025-00021-1,세네갈 미곡가치사슬 2차사업 미곡종합처리장(RPC)/농기계 서비스센터 건축시공 감리용역 입찰,용역,일반경쟁,2025-04-02,궁성민,True
101,L2025-00020,1,L2025-00020-1,세네갈 콜다주 통합적 접근을 통한 미곡가치사슬 강화사업 차량 공급업체 선정 현지입찰 계획(안),물품,일반경쟁,2025-03-31,권나연,False
102,L2025-00019,1,L2025-00019-1,"가나 관개지구 공사(아베이만, 아세이만 관개시설 토목공사 및 태양광,양수장 설치 공사)",공사,조달위탁,2025-02-25,오은수,True
103,L2025-00018,1,L2025-00018-1,가나대학교 한-가나 연구 및 ICT 혁신센터 건립사업 공사,공사,일반경쟁,2025-04-02,오은수,True
104,L2025-00017,2,L2025-00017-2,이라크 아르빌 자이툰 도서관 개보수(리모델링) 공사 시공업체 선정,공사,조달위탁,2025-05-08,정준영,True
105,L2025-00017,1,L2025-00017-1,이라크 아르빌 자이툰 도서관 개보수(리모델링) 공사 시공업체 선정 입찰,공사,조달위탁,2025-03-24,정준영,True
106,L2025-00016,2,L2025-00016-2,(재공고) 모잠비크 마톨라 산업학교 역량강화사업 사후지원 보수 공사,공사,일반경쟁,2025-05-29,하예지,True
107,L2025-00016,1,L2025-00016-1,모잠비크 마톨라 산업학교 역량강화사업 사후지원 보수 공사,공사,일반경쟁,2025-04-09,하예지,True
108,L2025-00015,2,L2025-00015-2,피지 농업공존형 태양광 발전사업(GCF) 영농기술센터 및 농기자재 보관창고 신축,공사,일반경쟁,2025-08-05,이지수,True
109,L2025-00015,1,L2025-00015-1,피지 농업공존형 태양광 발전사업(GCF) 영농기술센터 및 농기자재 보관창고 신축,공사,일반경쟁,2025-04-02,이지수,True
110,L2025-00014,1,L2025-00014-1,파키스탄 국립섬유대학 산업용 섬유센터 설립사업 2차사업 감리용역,용역,일반경쟁,2025-03-15,백소담,True
111,L2025-00013,1,L2025-00013-1,베트남 후에시 문화관광DB 구축 파일럿 사업 현지 입찰,용역,일반경쟁,2025-03-17,빈재만,False
112,L2025-00012,2,L2025-00012-2,볼리비아 고원 지역 농업 기계화 및 농민역량 강화를 통한 생산성 증대 사업 퀴노아 연구센터 차칼라 건립 공사 시공사 선정 현지 입찰 재공고,공사,일반경쟁,2025-05-09,박서영,True
113,L2025-00012,1,L2025-00012-1,볼리비아 고원 지역 농업 기계화 및 농민역량 강화를 통한 생산성 증대 사업 퀴노아 연구센터 차칼라 건립 공사 시공사 선정 현지 입찰,공사,일반경쟁,2025-02-28,박서영,True
114,L2025-00011,1,L2025-00011-1,파키스탄 국립섬유대학 산업용 섬유센터 설립사업 2차사업 공사,공사,일반경쟁,2025-03-08,백소담,True
115,L2025-00010,1,L2025-00010-1,도미니카공화국 여성 중심 취약계층 사회경제적 역량강화사업 하이나 직업훈련센터 리모델링 설계용역,용역,일반경쟁,2025-04-30,강현한,True
116,L2025-00009,1,L2025-00009-1,페루 제3 한·페 의료센터 건립사업 리모델링 설계용역 입찰,용역,일반경쟁,2025-03-03,송병주,True
117,L2025-00008,1,L2025-00008-1,케냐 카지아도주 보건시스템 강화를 위한 모성 및 신생아 보건 개선사업 시공,공사,일반경쟁,2025-02-14,백주영,True
118,L2025-00007,2,L2025-00007-2,도미니카공화국 몬테 크리스티 직업훈련센터 (MVC) 감리사 선정,용역,일반경쟁,2025-04-11,강현한,True
119,L2025-00007,1,L2025-00007-1,도미니카공화국 몬테 크리스티 직업훈련센터 (MVC) 감리사 선정,용역,일반경쟁,2025-03-03,강현한,True
120,L2025-00006,1,L2025-00006-1,탄자니아 도도마주 유수율 제고 시범모델 구축 및 상수도 시설 개선사업 기본 및 실시설계 용역,용역,일반경쟁,2025-02-10,백승훈,True
121,L2025-00005,1,L2025-00005-1,"엘살바도르 산간지역 고위험 산모·신생아 조기발견 및 이송체계 강화지원을 위한 신생아 및 산모 이송용 구급차, 이동식 진료차량 구매 현지입찰",물품,일반경쟁,2025-02-05,김강희,False
122,L2025-00004,1,L2025-00004-1,인도네시아 국립대학교 ICT기반 통합지식교육센터 신축공사를 위한 시공사 선정,공사,일반경쟁,2025-01-22,안광수,True
123,L2025-00003,2,L2025-00003-2,키르키즈공화국 국회 디지털화 사업 시공,공사,일반경쟁,2025-01-16,표경주,True
124,L2025-00003,1,L2025-00003-1,키르키즈공화국 국회 디지털화 사업 시공,공사,일반경쟁,2024-12-30,표경주,True
125,L2025-00002,1,L2025-00002-1,인도네시아 사이버보안 훈련센터 신축공사 시공사 선정,공사,일반경쟁,2025-01-10,이지혜,True
126,L2025-00001,1,L2025-00001-1,튀니지 산업재산권 공공행정 정보시스템 개선 사업(22-27/373만불) 기자재 구매(PC사) 현지 입찰,물품,일반경쟁,2024-12-27,김태일,False
127,L2024-00080,1,L2024-00080-1,"엘살바도르 산간지역 고위험 산모·신생아 조기발견 및 이송체계 강화지원을 위한 신생아 및 산모 이송용 구급차, 이동식 진료차량 구매 현지입찰",물품,일반경쟁,2024-12-16,김강희,False
128,L2024-00079,1,L2024-00079-1,네팔 포카라시 리사이클/업사이클 플랫폼 및 친환경 시범마을 구축을 통한 녹색일자리 창출사업(23~29/980만불) 시공업체 선정,공사,일반경쟁,2024-12-23,정윤희,True
129,L2024-00078,1,L2024-00078-1,도미니카공화국 몬테 크리스티 직업훈련센터 (MVC)  시공사 선정,공사,일반경쟁,2024-12-20,강현한,True
130,L2024-00077,1,L2024-00077-1,"엘살바도르 산간지역 고위험 산모·신생아 조기발견 및 이송체계 강화지원을 위한 신생아 및 산모 이송용 구급차, 이동식 진료차량 구매 현지입찰",물품,일반경쟁,2024-11-25,김강희,False
131,L2024-00076,1,L2024-00076-1,페루 쿠스코시 폐기물 통합관리 및 순환경제 구축사업 퇴비화 시범 플랜트 설계용역,공사,일반경쟁,2024-11-25,김소연,True
132,L2024-00075,1,L2024-00075-1,라오스 남부 3개주 농촌종합개발사업 남부농촌개발연수원 공사,공사,일반경쟁,2024-11-20,김여진,True
133,L2024-00074,1,L2024-00074-1,알제리 사이버보안센터 건립사업 기자재 및 가구,물품,일반경쟁,2024-11-08,장봉희,True
134,L2024-00073,1,L2024-00073-1,베트남 까오방성 소수민족학교 교육환경 개선 소규모 무상원조 기자재 납품용역 현지 입찰,물품,일반경쟁,2024-10-28,빈재만,False
135,L2024-00072,1,L2024-00072-1,우간다 마케레레 대학 원격교육센터 설계 및 감리용역 입찰,용역,일반경쟁,2024-10-08,오상은,True
136,L2024-00071,1,L2024-00071-1,가나 보건 2개 사업기금 회계감사 용역업체 선정,용역,일반경쟁,2024-10-25,전유선,False
137,L2024-00070,1,L2024-00070-1,세네갈 포도르지역 새마을 시범마을 통한 농촌개발사업 농기자재 공급업체 선정,물품,일반경쟁,2024-11-04,황유진,False
138,L2024-00069,1,L2024-00069-1,[긴급] 에티오피아 가죽 및 가죽제품 강화 사업 신발 라스트 생산 공장 신축 및 보수 공사 시공 용역,공사,일반경쟁,2024-10-21,박영신,True
139,L2024-00068,2,L2024-00068-2,[긴급] 코트디부아르 국립직업기술교육원 교사 ICT기반 교수역량강화사업 리모델링 공사,공사,일반경쟁,2024-11-14,박채훈,True
140,L2024-00068,1,L2024-00068-1,[긴급] 코트디부아르 국립직업기술교육원 교사 ICT기반 교수역량강화사업 리모델링 공사,공사,일반경쟁,2024-10-25,박채훈,True
141,L2024-00067,1,L2024-00067-1,세네갈 미곡가치사슬 2차사업 농기자재 및 사용자 교육 공급업체 선정,물품,일반경쟁,2024-10-28,황유진,False
142,L2024-00066,1,L2024-00066-1,피지국립의과대학 의료인력 역량강화사업  설계 및 감리용역,용역,일반경쟁,2024-10-25,장정인,True
143,L2024-00065,2,L2024-00065-2,에콰도르 갈라파고스 태양광 발전소 건립사업 사후지원 공사,공사,일반경쟁,2024-11-19,배한준,True
144,L2024-00065,1,L2024-00065-1,에콰도르 갈라파고스 태양광 발전소 건립사업 사후지원 공사,공사,일반경쟁,2024-10-22,배한준,True
145,L2024-00064,1,L2024-00064-1,세네갈 포도르지역 새마을 시범마을 통한 농촌개발사업 농기자재 공급업체 선정,물품,일반경쟁,2024-10-14,황유진,False
146,L2024-00063,1,L2024-00063-1,인도네시아 국립대학교 ICT기반 통합지식교육센터 신축공사를 위한 시공사  선정,공사,일반경쟁,2024-10-14,안광수,True
147,L2024-00062,3,L2024-00062-3,세네갈 미곡가치사슬 역량강화 2차사업 미곡종합처리장(RPC)/농기계서비스센터 건축 시공사 선정 현지입찰,공사,일반경쟁,2024-12-31,황유진,True
148,L2024-00062,2,L2024-00062-2,세네갈 미곡가치사슬 역량강화 2차사업 미곡종합처리장(RPC)/농기계서비스센터 건축 시공사 선정 현지입찰,공사,일반경쟁,2024-11-27,황유진,True
149,L2024-00062,1,L2024-00062-1,세네갈 미곡가치사슬 역량강화 2차사업 미곡종합처리장(RPC)/농기계서비스센터 건축 시공사 선정 현지입찰,공사,일반경쟁,2024-10-21,황유진,True
150,L2024-00061,1,L2024-00061-1,우간다 주요 채소작물 종자 가치사슬 역량강화사업 농기계(트랙터 및 부착기) 기자재 공급 현지입찰,물품,일반경쟁,2024-08-09,조숭호,False
151,L2024-00060,1,L2024-00060-1,에콰도르 생물다양성 보전과 지속가능한 이용을 위한 국가 유전자원 데이터 은행 설립사업 바이오센터 기자재,물품,일반경쟁,2024-10-15,배한준,False
152,L2024-00059,2,L2024-00059-2,에콰도르 생물다양성 보전과 지속가능한 이용을 위한 국가 유전자원 데이터 은행 설립사업 실험실 기자재(INABIO CENTER),물품,일반경쟁,2025-01-10,배한준,False
153,L2024-00059,1,L2024-00059-1,에콰도르 생물다양성 보전과 지속가능한 이용을 위한 국가 유전자원 데이터 은행 설립사업 실험실 기자재(INABIO CENTER),물품,일반경쟁,2024-10-15,배한준,False
154,L2024-00058,1,L2024-00058-1,"엘살바도르 산간지역 고위험 산모·신생아 조기발견 및 이송체계 강화지원을 위한 신생아 및 산모 이송용 구급차, 이동식 진료차량 구매 현지입찰",물품,일반경쟁,2024-10-11,김강희,False
155,L2024-00057,1,L2024-00057-1,세네갈 국가공중보건실험실 체계강화사업 루가/까올락 지역병원실험실 기자재 및 사용자 교육 공급업체 선정,물품,일반경쟁,2024-10-07,유민구,False
156,L2024-00056,2,L2024-00056-2,[긴급] 코트디부아르 펠릭스우푸에부아니대학교 ICT 고등교육 역량강화 및 디지털 교육 개선사업 설계 및 감리용역,용역,일반경쟁,2024-10-14,박채훈,True
157,L2024-00056,1,L2024-00056-1,[긴급] 코트디부아르 펠릭스우푸에부아니대학교 ICT 고등교육 역량강화 및 디지털 교육 개선사업 설계 및 감리용역,용역,일반경쟁,2024-09-26,박채훈,True
158,L2024-00055,1,L2024-00055-1,페루 쿠스코시 폐기물 통합관리 및 순환경제 구축사업 퇴비화 시범 플랜트 설계용역,용역,일반경쟁,2024-09-30,김소연,True
159,L2024-00054,2,L2024-00054-2,엘살바도르 ITCA 공학교육역량 강화사업 감리사 선정 현지 재입찰,용역,일반경쟁,2024-11-13,김진경,True
160,L2024-00054,1,L2024-00054-1,엘살바도르 ITCA 공학교육역량 강화사업 감리사 선정 현지입찰,용역,일반경쟁,2024-09-23,김진경,True
161,L2024-00053,1,L2024-00053-1,인도네시아 사이버보안 훈련센터 신축 시공사 선정 입찰,공사,일반경쟁,2024-09-30,이지혜,True
162,L2024-00052,1,L2024-00052-1,인도네시아 보고르대학교 첨단 연구실험센터 설계 및 시공감리 용역업체 선정,용역,일반경쟁,2024-09-24,안광수,True
163,L2024-00051,1,L2024-00051-1,라오스 성생식 모자보건 접근성 개선을 위한 서비스 수준 강화 및 지역기반 프로그램 개발사업(19-25/750만불),물품,일반경쟁,2024-09-23,장소명,False
164,L2024-00050,1,L2024-00050-1,우간다 농업지도자 연수원 자립적 운영체계구축 및 연수역량 강화사업 공사,공사,일반경쟁,2024-09-16,오정호,True
165,L2024-00049,2,L2024-00049-2,엘살바도르 ITCA 공학교육역량 강화사업 시공사 선정 현지 재입찰,공사,일반경쟁,2024-11-01,김진경,True
166,L2024-00049,1,L2024-00049-1,엘살바도르 ITCA 공학교육역량 강화사업 시공사 선정 현지입찰,공사,일반경쟁,2024-09-09,김진경,True
167,L2024-00048,1,L2024-00048-1,코트디부아르 펠릭스우푸에부아니대학교 ICT 고등교육 역량강화 및 디지털 교육 개선사업 설계 및 감리용역,용역,일반경쟁,2024-08-30,박채훈,True
168,L2024-00047,2,L2024-00047-2,캄보디아 캄보디아 농촌종합개발을 통한 평화마을조성사업 식수정수장 구축 및 운영 역량강화 용역 입찰,용역,일반경쟁,2024-10-17,신용화,False
169,L2024-00047,1,L2024-00047-1,캄보디아 캄보디아 농촌종합개발을 통한 평화마을조성사업 식수정수장 구축 및 운영 역량강화 용역 입찰,용역,일반경쟁,2024-09-02,신용화,False
170,L2024-00046,1,L2024-00046-1,우간다 KOICA 3차 단기교육과정 실습재료 공급(패션),물품,일반경쟁,2024-08-22,오상은,False
171,L2024-00045,1,L2024-00045-1,"우간다 KOICA 3차 단기교육과정 실습재료 공급(용접, 배관)",물품,일반경쟁,2024-08-22,오상은,False
172,L2024-00044,1,L2024-00044-1,"우간다 KOICA 3차 단기교육과정 실습재료 공급(전기, 자동차)",물품,일반경쟁,2024-08-22,오상은,False
173,L2024-00043,1,L2024-00043-1,파키스탄 ICT센터 사후지원 사업 교육용 기자재 지원 입찰,물품,일반경쟁,2024-08-12,전태진,False
174,L2024-00042,1,L2024-00042-1,라오스 8번 국도(AH15) 교량과 도로안전 개선사업 시공업체 선정,공사,일반경쟁,2024-07-24,김여진,True
175,L2024-00041,1,L2024-00041-1,"키르기즈공화국 가축 품종개량 및 인공수정인력 역량강화사업 연수센터 신축, 바이오센터 리모델링 설계 및 저작권감리용역",용역,일반경쟁,2024-06-18,장지은,True
176,L2024-00040,1,L2024-00040-1,케냐 카지아도주 보건시스템 강화를 통한 모성 및 신생아 보건 개선 사업(2021-2026/605만불) 현지 기자재(앰뷸런스) 구매 계약,물품,수의계약,2024-08-01,한송이,False
177,L2024-00039,1,L2024-00039-1,한-이라크 직업훈련원 2차 지원사업 리노베이션 시공업체선정 현지입찰,공사,일반경쟁,2024-05-12,김종한,True
178,L2024-00038,1,L2024-00038-1,파키스탄 아동 및 지역 영양개선을 위한 영양교육센터 설립사업 가구 구매,물품,일반경쟁,2024-07-19,조연경,False
179,L2024-00037,1,L2024-00037-1,인도네시아 취약계층 청소년 사회복귀 지원사업 기자재 구매 용역,물품,일반경쟁,2024-07-03,이지혜,False
180,L2024-00036,1,L2024-00036-1,피지 농업공존형 태양광 발전사업 영농기술센터 및 농기자재 보관창고 신축 시공사 선정 입찰,공사,일반경쟁,2024-06-29,이지수,True
181,L2024-00035,1,L2024-00035-1,케냐 카지아도주 보건시스템 강화를 위한 모성 및 신생아 보건 개선사업 설계 및 감리용역,용역,일반경쟁,2024-06-28,박미,True
182,L2024-00034,2,L2024-00034-2,캄보디아 고등인재양성 왕립프놈펜대학 환경공학과 설립사업 사무 가구 및 기자재 구매 입찰,물품,일반경쟁,2024-08-06,채정원,False
183,L2024-00034,1,L2024-00034-1,캄보디아 고등인재양성 왕립프놈펜대학 환경공학과 설립사업 사무 가구 및 기자재 구매 입찰,물품,일반경쟁,2024-06-12,채정원,False
184,L2024-00033,1,L2024-00033-1,캄보디아 고등인재양성 왕립프놈펜대학 환경공학과 설립사업 기초 실험 기자재 구매 입찰,물품,일반경쟁,2024-06-06,채정원,False
185,L2024-00032,1,L2024-00032-1,네팔 정보재난복구센터(DRC) 구축사업(2013-2021/547만불) 2차 사후지원 기자재 공급 및 설치업체 선정 현지입찰,물품,일반경쟁,2024-06-10,김지영,False
186,L2024-00031,1,L2024-00031-1,네팔 박타푸르 취약지역의 빈곤층 건강수준 향상을 위한 역량강화 및 의료인프라 개선사업,공사,일반경쟁,2024-05-29,송정은,True
187,L2024-00030,1,L2024-00030-1,라오스 성생식 모자보건 접근성 개선을 위한 서비스 수준 강화 및 지역기반 프로그램 개발사업 통합모자보건 영양센터 영양교육 교보재 구매,물품,일반경쟁,2024-06-12,김나영,False
188,L2024-00029,1,L2024-00029-1,라오스 앗따쁘주 기후변화 대응 회복력 및 자립역량 강화를 위한 통합프로그램 종료선 조사 용역,용역,일반경쟁,2024-06-06,김여진,False
189,L2024-00028,1,L2024-00028-1,과테말라 키체주 농촌취약계층 기후회복력 강화사업 에너지효율 쿡스토브 제조 및 설치,물품,일반경쟁,2024-04-08,동상진,False
190,L2024-00027,1,L2024-00027-1,동티모르 농민참여형 가치사슬 개선사업 APCS 및 사업 관련 기자재 구매 입찰,물품,일반경쟁,2024-05-29,안광수,False
191,L2024-00026,1,L2024-00026-1,우간다 주요 채소작물 종자 가치사슬 역량강화사업 노지 포장용 기자재 공급용역,물품,일반경쟁,2024-05-23,조숭호,False
192,L2024-00025,1,L2024-00025-1,우간다 주요 채소작물 종자 가치사슬 역량강화사업 실험실 기자재 공급용,물품,일반경쟁,2024-05-23,조숭호,False
193,L2024-00024,1,L2024-00024-1,라오스 남부 3개주 농촌개발사업  남부농업기술훈련원 건축 설계 및 시공감리 용역,용역,일반경쟁,2024-05-21,김여진,True
194,L2024-00023,1,L2024-00023-1,(3차공고) 페루 국가문화유산 통합등록 및 관리시스템 구축사업 고고학부동산 추가통합 시스템구축 용역,용역,일반경쟁,2024-05-06,서의택,False
195,L2024-00022,1,L2024-00022-1,몽골 초중고등학교 급식환경 개선 및 역량강화사업 설계업체 선정,용역,조달위탁,2023-11-02,강종려,True
196,L2024-00021,1,L2024-00021-1,몽골 초중고등학교 급식환경 개선 및 역량강화사업 설계업체 선정,용역,조달위탁,2023-11-20,강종려,True
197,L2024-00020,1,L2024-00020-1,라오스 농업 및 공공행정분야 2개 사업 IT 기자재 구매 입찰,물품,일반경쟁,2024-05-24,김여진,False
198,L2024-00019,2,L2024-00019-2,동티모르 스포츠를 활용한 아동발달사업  2차 기자재 공급업체 선정 현지입찰(재),물품,일반경쟁,2024-06-14,장성환,False
199,L2024-00019,1,L2024-00019-1,동티모르 스포츠를 활용한 아동발달사업  2차 기자재 공급업체 선정 현지입찰,물품,일반경쟁,2024-05-10,장성환,False
200,L2024-00018,1,L2024-00018-1,파라과이 아순시온 국립대학 ICT 혁신센터 설립을 통한 ICT 경쟁력 강화사업 현지 감리사 선정 국제경쟁입찰,용역,일반경쟁,2024-04-11,박혜원,True
201,L2024-00017,1,L2024-00017-1,파라과이 아순시온 국립대학 ICT 혁신센터 설립을 통한 ICT 경쟁력 강화사업 현지 시공사 선정 국제경쟁입찰,공사,일반경쟁,2024-03-26,박혜원,True
202,L2024-00016,1,L2024-00016-1,이라크 한-이라크 직업훈련원 2차 지원사업 리노베이션 공사 시공업체 선정 현지 입찰,공사,일반경쟁,2024-05-09,김종한,True
203,L2024-00015,2,L2024-00015-2,카메룬 전자정부 인식개선 및 역량강화 사업 설계 및 감리 용역,용역,일반경쟁,2024-06-05,이상은,True
204,L2024-00015,1,L2024-00015-1,카메룬 전자정부 인식개선 및 역량강화 사업 설계 및 감리 용역,용역,일반경쟁,2024-05-02,이상은,True
205,L2024-00014,1,L2024-00014-1,라오스 농촌개발 실행전략 수립 및 중북부지역 농가소득증대 시범사업 한라농촌개발연수원 IT 기자재 구매 입찰,물품,일반경쟁,2024-04-24,김여진,False
206,L2024-00013,1,L2024-00013-1,파키스탄 KP주 아보타바드시 하베리안지역 상수도시설 건설사업,공사,일반경쟁,2024-04-22,전태진,True
207,L2024-00012,2,L2024-00012-2,[긴급][국제]인도네시아 취약계층 청소년 사회복귀 지원사업 기자재 구매 용역,물품,일반경쟁,2024-05-17,이지혜,False
208,L2024-00012,1,L2024-00012-1,인도네시아 취약계층 청소년 사회복귀 지원사업 기자재 구매 용역,물품,일반경쟁,2024-04-30,이지혜,False
209,L2024-00011,2,L2024-00011-2,KOICA-KOTRA 사무소 시설 경비 용역,용역,일반경쟁,2024-04-02,이성훈,False
210,L2024-00011,1,L2024-00011-1,KOICA-KOTRA 사무소 시설 경비 용역,용역,일반경쟁,2024-03-11,이성훈,False
211,L2024-00010,1,L2024-00010-1,(재공고) 페루 국가문화유산 통합등록 및 관리시스템 구축사업 고고학부동산 추가통합 시스템구축 용역,용역,일반경쟁,2024-03-22,서의택,False
212,L2024-00009,1,L2024-00009-1,페루 국가문화유산 통합등록 및 관리시스템 구축사업 고고학부동산 추가통합 시스템구축 용역,용역,일반경쟁,2024-01-24,서의택,False
213,L2024-00008,1,L2024-00008-1,라오스 성생식 모자보건 접근성 개선을 위한 서비스 수준 강화 및 지역 기반 프로그램 개발사업의 통합모자보건영양센터 IT기자재 구매 입찰,물품,일반경쟁,2024-04-09,김나영,False
214,L2024-00007,2,L2024-00007-2,라오스 성생식 모자보건 접근성 개선을 위한 서비스 수준 강화 및 지역 기반 프로그램 개발사업의 통합모자보건영양센터 가구 구매 입찰,물품,일반경쟁,2024-05-06,김나영,False
215,L2024-00007,1,L2024-00007-1,라오스 성생식 모자보건 접근성 개선을 위한 서비스 수준 강화 및 지역 기반 프로그램 개발사업의 통합모자보건영양센터 가구 구매 입찰,물품,일반경쟁,2024-04-08,김나영,False
216,L2024-00006,1,L2024-00006-1,과테말라 키체주 농촌취약계층 기후회복력 강화사업 에너지효율 쿡스토브 제조 및 설치,물품,일반경쟁,2024-04-08,동상진,False
217,L2024-00005,2,L2024-00005-2,(재공고) 필리핀 경쟁위원회 사건처리 역량강화 사업 기자재 납품 및 설치 업체 선정,물품,일반경쟁,2024-04-30,김상근,False
218,L2024-00005,1,L2024-00005-1,필리핀 경쟁위원회 사건처리 역량강화 사업 기자재 납품 및 설치 업체 선정,물품,일반경쟁,2024-03-15,김상근,False
219,L2024-00004,2,L2024-00004-2,탄자니아 세렝게티 국립공원 홍보관 개선사업 사후지원사업 미디어센터 태양광 전력 시스템 납품 설치 재입찰,물품,일반경쟁,2024-03-26,성지은,False
220,L2024-00004,1,L2024-00004-1,탄자니아 세렝게티 국립공원 홍보관 개선사업 사후지원사업 미디어센터 태양광 전력 시스템 납품 설치 입찰,물품,일반경쟁,2024-03-06,성지은,False
221,L2024-00003,1,L2024-00003-1,인도네시아 취약계층 청소년 사회복귀 지원사업 기자재 구매 용역,물품,일반경쟁,2024-04-02,이지혜,False
222,L2024-00002,2,L2024-00002-2,카메룬 야운데 응급센터 및 직업훈련원 사후지원 리모델링 시공용역(재공고),공사,일반경쟁,2024-04-26,서주희,True
223,L2024-00002,1,L2024-00002-1,카메룬 야운데 응급센터 및 직업훈련원 사후지원 리모델링 시공용역,공사,일반경쟁,2024-02-05,서주희,True
224,L2024-00001,1,L2024-00001-1,파키스탄 국립섬유대학 산업용 섬유센터 설립사업 2차사업 설계용역,용역,일반경쟁,2024-01-11,조연경,True
225,L2023-00077,1,L2023-00077-1,세네갈 대국민 소통증진을 위한 국회의정활동시스템 현대화사업 리모델링 업체 선정 입,물품,일반경쟁,2023-11-14,황유진,True
226,L2023-00076,1,L2023-00076-1,세네갈 대국민 소통증진을 위한 국회의정활동시스템 현대화사업 시스템 기자재 업체 선정 현지입,물품,일반경쟁,2023-11-15,황유진,False
227,L2023-00075,1,L2023-00075-1,몽골 철도교통관제센터(RTCC) 건립 시공 입찰,공사,조달위탁,2024-01-22,이강산,True
228,L2023-00074,1,L2023-00074-1,네팔 포카라시 리사이클/업사이클 플랫폼 및 친환경 시범마을 구축을 통한 녹색일자리 창출지원사업(23-29/980만불) 건축 설계 및 감리업체 선정,용역,일반경쟁,2023-09-04,정윤희,True
229,L2023-00073,1,L2023-00073-1,네팔 포카라시 리사이클/업사이클 플랫폼 및 친환경 시범마을 구축을 통한 녹색일자리 창출지원사업('23-'29/980만불) 건축 설계 및 감리업체 선정,용역,일반경쟁,2023-09-04,정윤희,True
230,L2023-00072,2,L2023-00072-2,(재공고) 이집트 전자조달 개선사업 리모델링 공사 및 일반 기자재 업체 선정 현지입찰,물품,일반경쟁,2024-01-07,나혜일,True
231,L2023-00072,1,L2023-00072-1,이집트 전자조달 개선사업 리모델링 공사 및 일반 기자재 업체 선정 현지입찰,물품,일반경쟁,2023-12-03,나혜일,True
232,L2023-00071,1,L2023-00071-1,인도네시아 사이버보안 전문인력양성 역량강화 사업 설계 및 시공 감리 용역사 선정,용역,일반경쟁,2023-12-20,이지혜,True
233,L2023-00070,2,L2023-00070-2,볼리비아 라파스 주 임상병리검사실 체계 강화사업 현지 설계입찰,용역,일반경쟁,2023-11-03,양지영,True
234,L2023-00070,1,L2023-00070-1,볼리비아 라파스 주 임상병리검사실 체계 강화사업 현지 설계입찰,용역,일반경쟁,2023-09-14,양지영,True
235,L2023-00069,2,L2023-00069-2,라오스 여성폭력 예방·대응체계 및 정책역량 강화사업 GEVAW 센터 기자재 구매,물품,일반경쟁,2023-12-08,박혜린,False
236,L2023-00069,1,L2023-00069-1,라오스 여성폭력 예방·대응체계 및 정책역량 강화사업 GEVAW 센터 기자재 구매,물품,일반경쟁,2023-11-22,박혜린,False
237,L2023-00068,1,L2023-00068-1,캄보디아 앙두엉 안과전문병원 설립사업 리모델링 공사,공사,일반경쟁,2023-11-21,신정연,True
238,L2023-00067,1,L2023-00067-1,키르기스스탄 G-cloud 센터 인테리어 리모델링 시공 입찰,공사,일반경쟁,2023-11-21,표경주,True
239,L2023-00066,1,L2023-00066-1,에티오피아 아디스아바바 강변 개발 마스터플랜 수립지원 및 Sheger강 상류 수질 및 수변정화 사업 시범사업 기본/상세설계 및 감리 용역,용역,일반경쟁,2023-11-08,김선영,True
240,L2023-00065,1,L2023-00065-1,(긴급) 우즈베키스탄 유아 교육 복합센터 신축공사 시공감리 용역업체 선정,용역,일반경쟁,2023-11-10,이민정,True
241,L2023-00064,1,L2023-00064-1,라오스 여성폭력 예방·대응체계 및 정책역량 강화사업 GEVAW 센터 가구 구매 입찰,물품,일반경쟁,2023-11-07,박혜린,False
242,L2023-00063,1,L2023-00063-1,탄자니아 도도마주 보건의료정보체계(GoT-HoMIS) 확산사업 ICT 기자재 현지국제입찰,물품,일반경쟁,2023-11-02,허은,False
243,L2023-00062,1,L2023-00062-1,호치민의약학대학교 교육연구 역량강화사업 스튜디오 구축 기자재 공급,물품,일반경쟁,2023-10-30,이정헌,False
244,L2023-00061,1,L2023-00061-1,"에티오피아 가죽 및 가죽제품 강화 사업 신발 라스트 생산 공장 신축 및 보수 공사 설계, 감리 용역",용역,일반경쟁,2023-10-17,이신영,True
245,L2023-00060,1,L2023-00060-1,엘살바도르 국립보건교육센터 설립 및 보건교육 강화사업 시공사 선정 입찰,공사,일반경쟁,2023-10-09,김강희,True
246,L2023-00059,1,L2023-00059-1,가나 관개지구 개선 물관리 역량강화사업 PBA 약정 회계감사 용역,용역,일반경쟁,2023-07-07,정보성,False
247,L2023-00058,1,L2023-00058-1,엘살바도르 국립보건교육센터 설립 및 보건교육 강화사업 시공사 선정 입찰(재공고),공사,일반경쟁,2023-08-07,김강희,True
248,L2023-00057,1,L2023-00057-1,엘살바도르 국립보건교육센터 설립 및 보건교육 강화사업 감리 용역 현지 입찰 (재공고),용역,일반경쟁,2023-09-08,김강희,True
249,L2023-00056,1,L2023-00056-1,세네갈 ISEPDD 메이커스페이스 및 카페테리아 리모델링 공사 계약,공사,일반경쟁,2023-09-12,유민구,True
250,L2023-00055,1,L2023-00055-1,(긴급)키르기즈공화국 유기농업 정책이행지원 및 역량강화사업 OPSC 미니랩 기자재 및 유기농자재 공급업체 선정 현지 입찰,물품,일반경쟁,2023-09-25,지윤근,False
251,L2023-00054,2,L2023-00054-2,(재공고) 필리핀 국립대학교 로스바뇨스(UPLB) 첨단농업연구센터 신축공사,공사,일반경쟁,2023-11-03,이휘은,True
252,L2023-00054,1,L2023-00054-1,필리핀 국립대학교 로스바뇨스(UPLB) 첨단농업연구센터 신축공사,공사,일반경쟁,2023-09-21,이휘은,True
253,L2023-00053,1,L2023-00053-1,우즈베키스탄 직업훈련원 및 타슈켄트 교사연수센터 건립 시공업체 선정 현지입찰,공사,일반경쟁,2023-07-17,성민경,True
254,L2023-00052,1,L2023-00052-1,우즈베키스탄 상공회의소 기술기반 창업촉진센터 역량강화사업 가구 기자재 현지입찰,물품,일반경쟁,2023-08-30,박설리,False
255,L2023-00051,1,L2023-00051-1,몽골 국립과학수사원 법과학 역량강화 사업 시공업체 선정,공사,조달위탁,2022-08-12,이강산,True
256,L2023-00050,1,L2023-00050-1,몽골 철도교통관제센터 건립 및 운영 역량강화사업을 통한 철도교통 경쟁력 강화사업 설계업체 선정,용역,조달위탁,2022-08-12,이강산,True
257,L2023-00049,1,L2023-00049-1,(재)(긴급)키르기스스탄 OPSC 리모델링공사 시공업체 선정 현지 입찰,공사,일반경쟁,2023-08-21,지윤근,True
258,L2023-00048,1,L2023-00048-1,몽골 대기환경 개선을 위한 에너지원 품질 관리 역량 강화사업 시공업체 선정,공사,조달위탁,2023-06-06,강종려,True
259,L2023-00047,1,L2023-00047-1,몽골 한몽기술대학교 역량강화사업 사후지원사업 시공업체 선정,공사,일반경쟁,2023-06-06,강종려,True
260,L2023-00046,1,L2023-00046-1,우간다 산업수요기반 직업기술훈련 역량강화사업 단기교육과정 실습재료 공급,물품,일반경쟁,2023-09-13,김기담,False
261,L2023-00045,1,L2023-00045-1,세네갈 ISEPDD 메이커스페이스 및 카페테리아 리모델링 공사 계약,공사,일반경쟁,2023-06-16,유민구,True
262,L2023-00044,1,L2023-00044-1,페루 스타트업 투자육성 프로그램 운영 용역 현지 입찰,용역,일반경쟁,2023-08-28,송병주,False
263,L2023-00043,1,L2023-00043-1,라오스 사바나켓주 경제특구 개발을 위한 지리공간정보 기반 구축 및 역량강화사업 기자재 구매 입찰,물품,일반경쟁,2023-08-21,김여진,False
264,L2023-00042,1,L2023-00042-1,방글라데시 안질환 예방 및 치료역량 강화사업 병원운영 안정성강화 지원,공사,일반경쟁,2023-08-08,김태현,True
265,L2023-00041,1,L2023-00041-1,신원등록관리청(NIMC) NIN(주민등록번호) 등록센터 기자재(안드로이드),물품,일반경쟁,2023-07-31,강민재,False
266,L2023-00040,1,L2023-00040-1,도미니카공화국 여성 중심 취약계층 사회경제적 역량강화사업 - 몬테크리스티 직업훈련센터 설계용역 입찰,용역,일반경쟁,2023-08-08,강현한,True
267,L2023-00039,1,L2023-00039-1,베트남 옌바이성 소수 민족학교 교육환경 개선 소규모 무상원조 기자재 납품용역 현지 입찰,물품,일반경쟁,2023-08-08,유수연,False
268,L2023-00038,1,L2023-00038-1,피지 국립재활센터 건립사업 설계 및 감리용역 현지입찰계획,용역,일반경쟁,2023-07-22,김우영,True
269,L2023-00037,1,L2023-00037-1,엘살바도르 국립보건교육센터 설립 및 보건교육 강화사업 감리 용역 현지 입찰,용역,일반경쟁,2023-07-18,권율,True
270,L2023-00036,1,L2023-00036-1,우즈베키스탄 우르겐치 직업훈련원 건립 및 타슈켄트 교사연수센터 건립사업 시공업체선정 현지입찰,공사,일반경쟁,2023-07-17,성민경,True
271,L2023-00035,1,L2023-00035-1,(긴급) 키르기스스탄 OPSC 개보수 공사 시공업체 선정 현지 입찰,공사,일반경쟁,2023-07-07,지윤근,True
272,L2023-00034,1,L2023-00034-1,라오스 사바나켓주 특별경제구역 개발을 위한 지리공간정보 기반 구축 및 역량강화사업 기자재 구매,물품,일반경쟁,2023-07-10,이성민,False
273,L2023-00033,1,L2023-00033-1,엘살바도르 치안역량강화 3차사업 통합관제센터 기자재 구매,물품,일반경쟁,2023-07-06,권율,False
274,L2023-00032,1,L2023-00032-1,모잠비크 도로안전 시범개선사업 시공업체 선정 입찰,공사,일반경쟁,2023-06-30,우경욱,True
275,L2023-00031,2,L2023-00031-2,(재공고) 볼리비아 고원지역 농업기계화 및 농민 역량강화를 통한 생산성증대 지원사업 시공 용역 입찰,공사,일반경쟁,2023-07-05,이길석,True
276,L2023-00031,1,L2023-00031-1,(재입찰) 볼리비아 고원지역 농업기계화 및 농민 역량강화를 통한 생산성증대 지원사업 시공 용역 입찰,공사,일반경쟁,2023-05-25,이길석,True
277,L2023-00030,1,L2023-00030-1,피지 농업공존형 태양광 발전사업(GCF) 영농기술센터 및 농기자재 보관창고 신축 설계 및 감리용역,용역,일반경쟁,2023-06-08,방서연,True
278,L2023-00029,1,L2023-00029-1,파라과이 관세청 전자통관시스템 고도화 및 역량강화사업 모니터링룸 기자재 및 인테리어 공급업체 선정 국제경쟁입찰,물품,일반경쟁,2023-06-19,백조,False
279,L2023-00028,1,L2023-00028-1,우간다 농업지도자연수원 자립적 운영체계 구축 및 연수역량강화 사업을 위한 설계 및 감리 용역,용역,일반경쟁,2023-06-27,강수경,True
280,L2023-00027,1,L2023-00027-1,엘살바도르 국립보건교육센터 설립 및 보건교육 강화사업 시공사 선정 입찰,공사,일반경쟁,2023-06-21,권율,True
281,L2023-00025,2,L2023-00025-2,우간다 지속가능 농촌개발 시범마을 확산사업 음피지 지역 옥수수 가공시설 설비기계 공급,물품,일반경쟁,2023-09-05,강수경,False
282,L2023-00025,1,L2023-00025-1,우간다 지속가능 농촌개발 시범마을 확산사업 음피지 지역 옥수수 가공시설 설비기계 공급,물품,일반경쟁,2023-06-15,강수경,False
283,L2023-00024,1,L2023-00024-1,키르기즈공화국 유기농업정책 이행지원 및 역량강화 사업 약초건조장 신축공사 시공업체 선정 현지입찰,공사,일반경쟁,2023-03-30,지윤근,True
284,L2023-00023,1,L2023-00023-1,키르기스스탄 사이버 안전센터 구축 사업 기자재 조달,물품,일반경쟁,2023-05-04,표경주,False
285,L2023-00022,1,L2023-00022-1,동티모르 농민참여형 가치사슬 개선사업 농업용 인프라 시공업체 선정,공사,일반경쟁,2023-05-04,김선미,True
286,L2023-00021,1,L2023-00021-1,파라과이 멀티미디어 교육지원센터 설립을 통한 교육접근성 향상사업(설계 용역 입찰),용역,일반경쟁,2023-02-06,김도은,True
287,L2023-00020,1,L2023-00020-1,에티오피아 인구 및 성생식 보건 증진 2차 사업(SHaPE2 Project) 미디어 캠페인 용역 계약,용역,일반경쟁,2023-04-15,김선영,False
288,L2023-00019,1,L2023-00019-1,(신규재입찰) 동티모르 농민참여형 가치사슬 개선사업 농업용 인프라 시공,공사,일반경쟁,2023-04-12,김선미,True
289,L2023-00018,1,L2023-00018-1,인도네시아 취약계층 청소년 사회복귀 지원사업 리모델링 시공업체 선정,공사,일반경쟁,2023-04-18,조정신,True
290,L2023-00017,1,L2023-00017-1,캄보디아 농촌종합개발을 통한 평화마을 조성사업  사업관리 차량구매,물품,일반경쟁,2023-04-21,신용화,False
291,L2023-00016,1,L2023-00016-1,피지 농업공존형 태양광 발전사업(GCF) 차량(픽업트럭) 공급업체 선정 현지 입찰계획,물품,일반경쟁,2023-04-14,방서연,False
292,L2023-00015,1,L2023-00015-1,볼리비아 고원지역 농업기계화 및 농민 역량강화를 통한 생산성증대 지원사업 감리 용역 입찰,용역,일반경쟁,2023-03-29,이길석,True
293,L2023-00014,1,L2023-00014-1,과테말라 수도권 교통개선 마스터플랜 수립사업 CCTV 기자재 구매,물품,일반경쟁,2023-03-17,동상진,False
294,L2023-00013,1,L2023-00013-1,에티오피아 인구 및 성생식 보건 증진 2차 사업(SHaPE2 Project) 미디어 캠페인을 위한 라디오 기기 조달 및 배포 용역 입찰,물품,일반경쟁,2023-04-01,김선영,False
295,L2023-00012,1,L2023-00012-1,볼리비아 고원지역 농업기계화 및 농민 역량강화를 통한 생산성증대 지원사업 시공 용역 입찰,공사,일반경쟁,2023-03-17,이길석,True
296,L2023-00011,1,L2023-00011-1,"우간다 주요 채소작물 종자 가치사슬 역량강화사업 Wakiso, Mukono 및 Luwero지역 온실, 토목 및 수도 건축공사",공사,일반경쟁,2023-03-28,조숭호,True
297,L2023-00010,1,L2023-00010-1,키르기스스탄 사이버 안전센터 구축 사업 기자재 조달,물품,일반경쟁,2023-03-15,표경주,False
298,L2023-00009,1,L2023-00009-1,우간다 지속가능 농촌개발 시범마을 확산사업 옥수수 가공시설 및 여성친화적 시장 건축 공사,공사,일반경쟁,2023-03-20,강수경,True
299,L2023-00008,1,L2023-00008-1,피지 농업공존형 태양광 발전사업(GCF) 차량(픽업트럭) 공급업체 선정 현지 입찰계획,물품,일반경쟁,2023-03-09,방서연,False
300,L2023-00007,1,L2023-00007-1,우즈베키스탄 우르겐치 직업훈련원 건립 및 타슈켄트 교사연수센터 건립사업 시공업체선정 현지입찰,공사,일반경쟁,2023-02-28,성민경,True
301,L2023-00006,1,L2023-00006-1,동티모르 농민참여형 가치사슬 개선사업 농업용 인프라 시공,공사,일반경쟁,2023-02-23,김선미,True
302,L2023-00005,1,L2023-00005-1,에티오피아 인구 및 성생식 보건 증진 2차 사업(SHaPE2 Project) 미디어 캠페인을 위한 라디오 기기 조달 및 배포 용역 입찰,물품,일반경쟁,2023-02-11,김선영,False
303,L2023-00004,1,L2023-00004-1,에티오피아 양질의 일자리 창출을 위한 ICT기반의 창업 및 중소기업(SME)육성 지원사업 ICT 센터 리모델링 공사,공사,일반경쟁,2023-02-10,이신영,True
304,L2023-00003,1,L2023-00003-1,우간다 지속가능 농촌개발 시범마을 확산사업 옥수수 가공시설 및 여성친화적 시장 건축 공사,공사,일반경쟁,2023-01-30,강수경,True
305,L2023-00002,1,L2023-00002-1,캄보디아 산학연계 비즈니스 인큐베이팅 체계구축사업 NICC 기자재(사무용기기) 공급,물품,일반경쟁,2023-01-26,김준수,False
306,L2023-00001,2,L2023-00001-2,캄보디아 산학연계 비즈니스 인큐베이팅 체계구축사업 NICC 기자재(가구) 공급,물품,일반경쟁,2023-02-14,김준수,False
307,L2023-00001,1,L2023-00001-1,캄보디아 산학연계 비즈니스 인큐베이팅 체계구축사업 NICC 기자재(가구) 공급,물품,일반경쟁,2023-01-26,김준수,False
308,L2022-00069,1,L2022-00069-1,파라과이 아순시온 국립대학 ICT 혁신센터 설립 현지 설계업체 선정 입찰,용역,일반경쟁,2022-09-29,백조,True
309,L2022-00068,1,L2022-00068-1,에티오피아 양질의 일자리 창출을 위한 ICT기반의 창업 및 중소기업(SME)육성 지원사업 ICT 센터 리모델링 공사,공사,일반경쟁,2022-11-25,이신영,True
310,L2022-00067,1,L2022-00067-1,캄보디아 농촌종합개발을 통한 평화마을 조성사업 농업기술지도수행 업체선정(용역) 현지 입찰,용역,일반경쟁,2022-11-16,김광욱,False
311,L2022-00066,1,L2022-00066-1,몽골 한몽기술대학교 역량강화사업 사후관리 설계업체 선정,용역,조달위탁,2022-09-15,강종려,True
312,L2022-00065,2,L2022-00065-2,몽골 한몽기술대학교 역량강화사업 사후관리 설계업체 선정,용역,조달위탁,2022-07-29,강종려,True
313,L2022-00065,1,L2022-00065-1,몽골 한몽기술대학교 역량강화사업 사후관리 설계업체 선정,용역,조달위탁,2022-07-06,강종려,True
314,L2022-00064,1,L2022-00064-1,몽골 대기환경 개선을 위한 에너지원 품질관리 역량강화사업 설계업체 선정,용역,조달위탁,2022-09-15,강종려,True
315,L2022-00063,2,L2022-00063-2,몽골 대기환경 개선을 위한 에너지원 품질관리 역량강화사업 설계업체 선정,용역,조달위탁,2022-08-04,강종려,True
316,L2022-00063,1,L2022-00063-1,몽골 대기환경 개선을 위한 에너지원 품질관리 역량강화사업 설계업체 선정,용역,조달위탁,2022-07-20,강종려,True
317,L2022-00062,1,L2022-00062-1,우간다 단기교육과정 실습재료 물품 조달 관련 일반경쟁입찰,물품,일반경쟁,2022-10-20,김기담,False
318,L2022-00061,1,L2022-00061-1,페루 로레토주 응급의료체계 강화지원을 위한 차량 앰뷸런스 구매 현지입찰,물품,일반경쟁,2022-10-13,송병주,False
319,L2022-00060,1,L2022-00060-1,도미니카공화국 미성년자 임신방지 및 여성보건환경개선 3차사업_산후안 성보건센터 건립 감리사 선정 현지입찰,용역,일반경쟁,2022-10-10,김나연,True
320,L2022-00059,1,L2022-00059-1,도미니카(공) 여성 중심 취약계층 사회경제적 역량강화사업 - 하이나 및 몬테크리스티 직업훈련센터 설계용역 입찰,용역,일반경쟁,2022-10-04,김나연,True
321,L2022-00058,1,L2022-00058-1,단기교육과정 실습재료 물품 조달 관련 일반경쟁입찰,물품,일반경쟁,2022-09-29,김기담,False
322,L2022-00057,3,L2022-00057-3,캄보디아 중학교 ICT교육역량 강화사업  ICT부문 공급업체 선정 현지 입찰,물품,일반경쟁,2022-11-18,김준수,False
323,L2022-00057,2,L2022-00057-2,캄보디아 중학교 ICT교육역량 강화사업  ICT부문 공급업체 선정 현지 입찰,물품,일반경쟁,2022-10-28,김준수,False
324,L2022-00057,1,L2022-00057-1,캄보디아 중학교 ICT교육역량 강화사업  ICT부문 공급업체 선정 현지 입찰,물품,일반경쟁,2022-10-04,김준수,False
325,L2022-00056,1,L2022-00056-1,과테말라 웨웨떼낭고 모자병원  보수공사 시공업체 선정,공사,일반경쟁,2022-09-21,이동현,True
326,L2022-00055,1,L2022-00055-1,키르기즈공화국 유기농업정책 이행지원 및 역량강화 사업 약초건조장 신축공사 시공업체 선정 현지입찰,공사,일반경쟁,2022-09-22,지윤근,True
327,L2022-00054,1,L2022-00054-1,금융분야 조기경보 및 위기관리 역량강화 사업 사무기기 구매,물품,일반경쟁,2022-09-26,이정헌,False
328,L2022-00053,2,L2022-00053-2,우간다 미티아나 및 음피지 농업 투입물 및 기자재 공급,물품,일반경쟁,2022-09-09,강수경,False
329,L2022-00053,1,L2022-00053-1,우간다 미티아나 및 음피지 농업 투입물 및 기자재 공급,물품,일반경쟁,2022-08-01,강수경,False
330,L2022-00052,2,L2022-00052-2,우간다 미티아나 및 음피지 낙농 투입물 및 기자재 공급,물품,일반경쟁,2022-09-09,강수경,False
331,L2022-00052,1,L2022-00052-1,우간다 미티아나 및 음피지 낙농 투입물 및 기자재 공급,물품,일반경쟁,2022-08-01,강수경,False
332,L2022-00051,1,L2022-00051-1,우간다 미티아나 및 음피지 옥수수 가공 및 농업 기계장비 공급,물품,일반경쟁,2022-09-09,강수경,False
333,L2022-00050,1,L2022-00050-1,(입찰취소) 우간다 미티아나 및 음피지 옥수수 가공 및 농업 기계장비 공급,물품,일반경쟁,2022-08-01,강수경,False
334,L2022-00049,1,L2022-00049-1,우간다 미티아나 커피 탈곡기 공급,물품,일반경쟁,2022-08-01,강수경,False
335,L2022-00048,2,L2022-00048-2,우간다 미티아나 및 음피지 젖소 공급,물품,일반경쟁,2022-09-09,강수경,False
336,L2022-00048,1,L2022-00048-1,미티아나 및 음피지 젖소 공급,물품,일반경쟁,2022-08-01,강수경,False
337,L2022-00047,1,L2022-00047-1,우간다 미티아나 및 음피지 건축자재 공급,물품,일반경쟁,2022-08-01,강수경,True
338,L2022-00046,1,L2022-00046-1,도미니카공화국 미성년자 임신방지 및 여성보건환경개선 3차사업_산후안 성보건센터 건립 시공사 선정 현지입찰,공사,일반경쟁,2022-09-13,김나연,True
339,L2022-00045,1,L2022-00045-1,중학교 ICT 교육역량강화사업 ICT Lab 리모델링 시공,공사,일반경쟁,2022-08-01,김준수,True
340,L2022-00044,2,L2022-00044-2,캄보디아 동북부 소외지역 모자보건 프로그램 기자재 공급업체 선정,물품,일반경쟁,2022-10-19,김준수,False
341,L2022-00044,1,L2022-00044-1,캄보디아 동북부 소외지역 모자보건 프로그램 기자재 공급업체 선정,물품,일반경쟁,2022-09-15,김준수,False
342,L2022-00043,1,L2022-00043-1,방글라데시 사이버안전을 위한 디지털수사역량 확산사업 챠토그램 사이버경찰센터 시공,공사,일반경쟁,2022-09-01,강현서,True
343,L2022-00042,1,L2022-00042-1,필리핀 퀴리노주 농촌종합개발 2차사업 잔여공사 시공사 선정,공사,일반경쟁,2022-08-19,이탁건,True
344,L2022-00041,1,L2022-00041-1,에티오피아 암하라주 농산물 수확후 관리 및 유통기능 제고를 통한 농촌지역 가치 사슬 강화 사업 기획을 위한 기초선조사 용역 입찰,용역,일반경쟁,2022-07-31,김선영,False
345,L2022-00040,1,L2022-00040-1,도미니카공화국 미성년자 임신방지 및 여성보건환경개선 3차사업_산후안 성보건센터 건립 감리사 선정 현지입찰,용역,일반경쟁,2022-08-10,김나연,True
346,L2022-00039,2,L2022-00039-2,과테말라 아마티틀란시 CCTV 기자재 업체 선정 현지입찰,물품,일반경쟁,2022-08-09,동상진,False
347,L2022-00039,1,L2022-00039-1,과테말라 아마티틀란시 CCTV 기자재 업체 선정 현지입찰,물품,일반경쟁,2022-07-18,강승헌,False
348,L2022-00038,1,L2022-00038-1,파라과이 센트럴주 림삐오시 보건의료체계 형성 및 일차의료 강화사업 림삐오 병원(신관 및 리모델링) 일반기자재 재공고 입찰,물품,일반경쟁,2022-07-04,최휘진,True
349,L2022-00037,1,L2022-00037-1,동티모르 스포츠를 활용한 아동발달사업 시공업체 선정,공사,일반경쟁,2022-07-11,변숙진,True
350,L2022-00036,1,L2022-00036-1,엘살바도르 ITCA 공학교육역량 강화사업 설계용역 입찰,용역,일반경쟁,2022-06-27,권율,True
351,L2022-00035,2,L2022-00035-2,에티오피아 양질의 일자리 창출을 위한 ICT기반의 창업 및 중소기업(SME)육성 지원사업 ICT 센터 리모델링 공사,공사,일반경쟁,2022-08-19,이신영,True
352,L2022-00035,1,L2022-00035-1,에티오피아 양질의 일자리 창출을 위한 ICT기반의 창업 및 중소기업(SME)육성 지원사업 ICT 센터 리모델링 공사,공사,일반경쟁,2022-06-30,이신영,True
353,L2022-00034,1,L2022-00034-1,파키스탄 아동 및 지역 영양개선을 위한 영양교육센터 신축공사  공사입찰설명서,용역,일반경쟁,2022-06-30,이흥수,True
354,L2022-00033,1,L2022-00033-1,방글라데시 청년창업 활성화를 위한 대학 창업교육 역량강화 지원사업 센터 증축 시공업체선정,공사,일반경쟁,2022-06-30,김태현,True
355,L2022-00032,1,L2022-00032-1,도미니카공화국 미성년자 임신방지 및 여성보건환경개선 3차사업_산후안 성보건센터 건립 시공사 선정 현지입찰,공사,일반경쟁,2022-06-29,김나연,True
356,L2022-00031,1,L2022-00031-1,파키스탄 KP주 아보타바드시 하베리안지역 상수도사업 기본 및 실시설계 용역,용역,일반경쟁,2022-06-29,이흥수,True
357,L2022-00030,1,L2022-00030-1,페루 로레토주 응급의료체계 강화지원을 위한 수상 앰뷸런스 구매 현지입찰,물품,일반경쟁,2022-06-22,이상급,False
358,L2022-00029,1,L2022-00029-1,네팔 Province 2 지역 건설기술인력 양성을 위한 모델 폴리텍 설립사업 시공업체 선정,공사,일반경쟁,2022-06-06,정윤희,True
359,L2022-00028,1,L2022-00028-1,라오스 농촌개발 2개 프로젝트 차량구매,물품,일반경쟁,2022-06-15,이성민,False
360,L2022-00027,1,L2022-00027-1,에콰도르 키토시 혁신센터 건립을 통한 창업 및 기업혁신 지원체계 강화사업 리모델링 설계 용역,용역,일반경쟁,2022-06-06,이혜영,True
361,L2022-00026,1,L2022-00026-1,페루 로레토주 응급의료체계 강화지원을 위한 수상 앰뷸런스 구매 현지입찰,물품,일반경쟁,2022-06-07,이상급,False
362,L2022-00025,1,L2022-00025-1,우간다 미티아나 및 음피지 건축자재 공급,물품,일반경쟁,2022-05-30,권오진,True
363,L2022-00024,1,L2022-00024-1,우간다 미티아나 및 음피지 농업 투입물 및 기자재 공급,물품,일반경쟁,2022-05-30,권오진,False
364,L2022-00023,1,L2022-00023-1,우간다 미티아나 및 음피지 낙농 투입물 및 기자재 공급,물품,일반경쟁,2022-05-30,권오진,False
365,L2022-00022,1,L2022-00022-1,우간다 미티아나 및 음피지 젖소 공급,물품,일반경쟁,2022-05-30,권오진,False
366,L2022-00021,1,L2022-00021-1,우간다 미티아나 및 음피지 옥수수 가공 및 농업 기계장비 공급,물품,일반경쟁,2022-05-30,권오진,False
367,L2022-00020,1,L2022-00020-1,우간다 미티아나주 커피 탈곡기 공급,물품,일반경쟁,2022-05-30,권오진,False
368,L2022-00019,1,L2022-00019-1,라오스 성생식 모자보건 RMNCH센터 및 여성폭력 예방대응 EVAW센터 시공업체 선정,공사,일반경쟁,2022-05-24,김나영,True
369,L2022-00018,1,L2022-00018-1,한-필 IT 훈련원 사후지원 입찰,공사,일반경쟁,2022-01-19,김수영,True
370,L2022-00017,1,L2022-00017-1,피지 기후변화 대응 보건역량강화 사업 응급의료차량 기자재 공급업체 선정 현지 입찰,물품,일반경쟁,2022-05-24,방서연,False
371,L2022-00016,1,L2022-00016-1,에콰도르 국가품질 서비스 개선을 위한 법정계량 역량강화 사업 현지 특장 차량 구매 현지입찰,물품,일반경쟁,2022-05-18,이혜영,False
372,L2022-00015,1,L2022-00015-1,필리핀 농기계현대화센터 건축 시공 용역,공사,일반경쟁,2022-05-18,이탁건,True
373,L2022-00014,1,L2022-00014-1,파라과이 센트럴주 림삐오시 보건의료 체계형성 및 일차의료 강화사업 림삐오 지역병원 일반기자재 공급업체 선정 국제경쟁입찰,물품,일반경쟁,2022-05-09,최휘진,False
374,L2022-00013,1,L2022-00013-1,파라과이 센트럴주 림삐오시 보건의료 체계형성 및 일차의료 강화사업 림삐오 지역병원 의료기자재(3종) 공급업체 선정 국제경쟁입찰,물품,일반경쟁,2022-05-09,최휘진,False
375,L2022-00012,1,L2022-00012-1,파라과이 센트럴주 림삐오시 보건의료 체계형성 및 일차의료 강화사업 림삐오 지역병원 의료기자재(디지털 이동형 X-ray) 공급업체 선정 국제경쟁입찰,물품,일반경쟁,2022-05-09,최휘진,False
376,L2022-00011,1,L2022-00011-1,파라과이 센트럴주 림삐오시 보건의료 체계형성 및 일차의료 강화사업 림삐오 지역병원 의료기자재(42종) 공급업체 선정 국제경쟁입찰,물품,일반경쟁,2022-05-09,최휘진,False
377,L2022-00010,1,L2022-00010-1,파라과이 취약계층 노인보건의료복지센터 정책수립 지원사업 구급차 공급업체 선정 국제경쟁 입찰,물품,일반경쟁,2022-05-10,최주리,False
378,L2022-00009,1,L2022-00009-1,필리핀 국립대학교 로스바뇨스 첨단농업연구센터 건축 설계 용역,용역,일반경쟁,2022-04-26,이탁건,True
379,L2022-00008,1,L2022-00008-1,GIZ 사업 훈련생 창업지원 프로그램 용역,용역,일반경쟁,2022-04-25,김소연,False
380,L2022-00007,2,L2022-00007-2,인도네시아 경찰청 사이버범죄수사 교육센터 프로젝트 리모델링업체 선정 입찰,공사,일반경쟁,2022-05-30,조정신,True
381,L2022-00007,1,L2022-00007-1,인도네시아 경찰청 사이버범죄수사 교육센터 프로젝트 리모델링업체 선정 입찰,공사,일반경쟁,2022-04-05,조정신,True
382,L2022-00006,1,L2022-00006-1,네팔 경찰 역량강화를 위한 사이버안전국 설립사업 설계 및 감리업체 선정 현지입찰,용역,일반경쟁,2022-04-04,최종성,True
383,L2022-00005,3,L2022-00005-3,키르기즈(공) 유기농업 정책이행지원 및 역량강화사업 마만 조합 트렉터 및 부속장비 조달업체 선정 현지국제입찰,물품,일반경쟁,2022-02-28,홍은혜,False
384,L2022-00005,2,L2022-00005-2,키르기즈(공) 유기농업 정책이행지원 및 역량강화사업 토소르 조합 냉장설비 조달업체 선정 현지국제 재입찰,물품,일반경쟁,2022-02-28,홍은혜,False
385,L2022-00005,1,L2022-00005-1,키르기즈(공) 유기농업 정책이행지원 및 역량강화사업 토소르 조합 주스가공장비 조달업체 선정 현지국제 재입찰,물품,일반경쟁,2022-02-28,홍은혜,False
386,L2022-00004,1,L2022-00004-1,블라칸 한-필 IT 훈련원 시설 개선 공사,공사,일반경쟁,2022-01-19,김수영,True
387,L2022-00003,1,L2022-00003-1,우즈베키스탄 우르겐치 직업훈련원 및 직업훈련제도 역량공고화 지원사업 설계 및 감리업체 선정,용역,일반경쟁,2022-02-21,성민경,True
388,L2022-00002,1,L2022-00002-1,파라과이 항공 전문인력 역량강화사업 항공훈련센터 현지 감리사 선정 국제경쟁 입찰,용역,일반경쟁,2022-01-20,최주리,True
389,L2022-00001,1,L2022-00001-1,모잠비크 직업훈련교육 역량강화사업 시공업체 선정 국제 경쟁입찰,공사,일반경쟁,2022-01-14,노경진,True
390,L2021-00045,1,L2021-00045-1,파라과이 항공 전문인력 역량강화사업 항공훈련센터 현지 시공사 선정 국제경쟁 입찰,공사,일반경쟁,2021-12-28,최주리,True
391,L2021-00044,1,L2021-00044-1,베트남 코로나19 대응 포괄적 긴급지원 대응물품(폐주사기 수거함) 공급입찰,물품,지명경쟁,2021-12-23,이정헌,False
392,L2021-00043,1,L2021-00043-1,베트남 코로나19 대응 포괄적 긴급지원 프로그램 물품(세이프티박스) 공급 입찰,물품,지명경쟁,2021-12-03,이정헌,False
393,L2021-00042,1,L2021-00042-1,파라과이 항공 전문인력 역량강화사업 격납고 현지 감리사 선정 국제경쟁 입찰,용역,일반경쟁,2021-11-17,최주리,True
394,L2021-00041,1,L2021-00041-1,키르기즈 유기농업 정책이행지원 및 역량강화사업 토소르 조합 주스가공장비 조달업체 선정 현지국제입찰,물품,일반경쟁,2021-11-15,홍은혜,False
395,L2021-00040,1,L2021-00040-1,키르기즈 유기농업 정책이행지원 및 역량강화사업 토소르 조합 냉장설비 조달업체 선정 현지국제입찰,물품,일반경쟁,2021-11-15,홍은혜,False
396,L2021-00039,1,L2021-00039-1,키르기즈 유기농업 정책이행지원 및 역량강화사업 마만 조합 약초건조설비  조달업체 선정 현지국제입찰,물품,일반경쟁,2021-11-15,홍은혜,False
397,L2021-00038,1,L2021-00038-1,키르기즈공화국 유기농업 정책이행지원 및 역량강화사업 마만 조합 지원 트랙터 조달업체 선정 현지국제입찰,물품,일반경쟁,2021-11-15,홍은혜,False
398,L2021-00037,1,L2021-00037-1,캄보디아 동북부 소외지역 모자보건 프로그램 시공업체 선정 현지입찰(4차 신규),공사,일반경쟁,2021-11-04,김광욱,True
399,L2021-00036,1,L2021-00036-1,키르기즈공화국 유기농업 정책이행지원 및 역량강화사업 유기농 로컬푸드마켓 현지 설계 및 감리업체 선정,용역,일반경쟁,2021-11-01,홍은혜,True
400,L2021-00035,1,L2021-00035-1,가나 여성청소년 수학과학 교육지원사업 수원국 시스템 활용 사업기금 회계감사 용역 입찰,용역,일반경쟁,2021-10-25,최정이,False
401,L2021-00034,1,L2021-00034-1,엘살바도르 국립보건교육센터 설립 및 보건교육 강화사업 설계용역 입찰,용역,일반경쟁,2021-10-15,권율,True
402,L2021-00033,1,L2021-00033-1,엘살바도르 국립보건교육센터 설립 및 보건교육 강화사업 코로나19 대응 의료기자재 구매 입찰,물품,일반경쟁,2021-10-11,권율,False
403,L2021-00032,1,L2021-00032-1,엘살바도르 국립보건교육센터 걸립 및 보건교육 강화사업 코로나19 대응 앰뷸런스용 태블릿 구매 입찰,물품,일반경쟁,2021-10-11,권율,False
404,L2021-00031,1,L2021-00031-1,파키스탄 태양전지모듈 인증시험소 설립사업 시험소 신축공사 시공업체 선정 입찰,공사,일반경쟁,2021-10-22,이흥수,True
405,L2021-00030,1,L2021-00030-1,파라과이 항공 전문인력 역량강화사업 격납고 현지 시공사 선정 국제경쟁 입찰,공사,일반경쟁,2021-10-20,최주리,True
406,L2021-00029,1,L2021-00029-1,네팔 보건 및 소득증대를 통한 통합적 농촌지역 역량강화사업 시공업체 선정 현지 입찰,공사,일반경쟁,2021-10-11,최종성,True
407,L2021-00028,1,L2021-00028-1,한코협력센터 건립사업 사후지원 IT기자재 추가구매 현지입찰,물품,일반경쟁,2021-09-20,김수민,True
408,L2021-00027,1,L2021-00027-1,아제르바이잔 교사역량강화 및 교육정보화 지원사업 온라인 교육 기자재 공급업체 선정 현지입찰,물품,일반경쟁,2021-09-27,문종현,False
409,L2021-00026,1,L2021-00026-1,엘살바도르 각급학교 대상 ICT장비 지원사업 물품구매 계약,물품,일반경쟁,2021-09-13,권율,False
410,L2021-00025,1,L2021-00025-1,캄보디아 동북부 소외지역 모자보건 프로그램 시공업체 선정 현지입찰(3차 신규),공사,일반경쟁,2021-08-27,김광욱,True
411,L2021-00024,1,L2021-00024-1,모잠비크 직업훈련교육 역량강화사업 마톨라 산업학교 화학과 기자재 공급업체 선정 국제경쟁입찰,물품,일반경쟁,2021-08-23,노경진,False
412,L2021-00023,1,L2021-00023-1,방글라데시 안질환 예방 및 치료역량 강화사업 코로나19 및 감염병 대응력 강화를 위한 보건위생환경 개선,공사,일반경쟁,2021-08-11,김태현,True
413,L2021-00022,1,L2021-00022-1,한코협력센터 건립사업 사후지원 IT 기자재 구매 현지입찰,물품,일반경쟁,2021-06-28,김수민,True
414,L2021-00021,1,L2021-00021-1,모잠비크 직업훈련교육 역량강화사업 마톨라 산업학교 화학과 기자재 공급업체 선정 국제경쟁입찰,물품,일반경쟁,2021-06-28,조아영,False
415,L2021-00020,1,L2021-00020-1,캄보디아 산학연계 비즈니스 인큐베이팅 체계 구축사업 시공업체 선정 재입찰,공사,일반경쟁,2021-06-16,김준수,True
416,L2021-00019,1,L2021-00019-1,라오스 모자보건 영양 교육훈련센터 및 여성폭력 예방대응센터 건축 설계 용역,용역,일반경쟁,2021-06-07,김상준,True
417,L2021-00018,1,L2021-00018-1,인도네시아 태양광 에너지 접근성 향상사업 EPC 선정 입찰,공사,일반경쟁,2021-06-09,정회진,True
418,L2021-00017,1,L2021-00017-1,건조농대 농축산 역량강화센터 및 수자원 연수센터 사후관리를 위한 시공업체 선정입찰,공사,일반경쟁,2021-05-17,최준호,True
419,L2021-00016,2,L2021-00016-2,캄보디아 동북부 소외지역 모자보건 프로그램 시공업체 선정 현지입찰(재입찰),공사,일반경쟁,2021-06-18,김광욱,True
420,L2021-00016,1,L2021-00016-1,캄보디아 동북부 소외지역 모자보건 프로그램 시공업체 선정,공사,일반경쟁,2021-05-11,김광욱,True
421,L2021-00015,1,L2021-00015-1,캄보디아 산학연계 비즈니스 인큐베이팅 체계 구축사업 시공업체 선정,공사,일반경쟁,2021-05-10,김준수,True
422,L2021-00014,1,L2021-00014-1,필리핀 농기계현대화센터 구축 및 역량강화 사업 건축 설계용역,용역,일반경쟁,2021-05-20,박종희,True
423,L2021-00013,1,L2021-00013-1,네팔 Province 2 지역 건설기술인력 양성을 위한 모델 폴리텍 설립사업” 모델 폴리텍 설계 및 감리업체 선정,용역,일반경쟁,2021-04-23,김진화,True
424,L2021-00012,1,L2021-00012-1,파키스탄 아동 및 지역 영양 개선을 위한 영양교육센터 설립사업 설계 및 감리용역,용역,일반경쟁,2021-04-28,최준호,True
425,L2021-00011,1,L2021-00011-1,도미니카(공) 미성년자 임신방지 및 여성보건환경 개선 3차사업 산후안 성보건센터 현지 설계업체 선정,용역,일반경쟁,2021-04-16,김나연,True
426,L2021-00010,1,L2021-00010-1,방글라데시 청년창업 활성화를 위한 대학 창업교육 역량강화 지원사업 센터 증축 설계 및 감리용역,용역,일반경쟁,2021-03-03,김태현,True
427,L2021-00009,1,L2021-00009-1,알제리 새우양식 사료 제조역량 강화 사업 사료제조설비 업체 선정 현지입찰(UNOPS 조달위탁),용역,조달위탁,2021-03-16,김경일,False
428,L2021-00008,1,L2021-00008-1,캄보디아 앙두엉병원 이비인후과 역량강화사업 의료기자재 구매 현지입찰,물품,일반경쟁,2021-03-15,강황욱,False
429,L2021-00007,1,L2021-00007-1,캄보디아 앙두엉병원 이비인후과 역량강화사업 의료기자재 구매 현지입찰,물품,일반경쟁,2021-04-27,강황욱,False
430,L2021-00006,1,L2021-00006-1,방글라데시 사이버수사 역량강화사업 Cyber Police Center 설계 및 감리용역,용역,일반경쟁,2021-03-01,이일령,True
431,L2021-00005,1,L2021-00005-1,볼리비아 고원지역 농업 기계화 및 농민역량 강화를 통한 생산성 증대사업 설계사 선정 현지입찰,용역,일반경쟁,2021-02-04,이길석,True
432,L2021-00004,1,L2021-00004-1,네팔 보건 및 소득증대를 통한 통합적 농촌지역 역량강화사업 아웃리치 센터 설계 및 감리업체 선정 현지입찰 계획,용역,일반경쟁,2021-02-08,최종성,True
433,L2021-00003,1,L2021-00003-1,"코트디부아르 아비장시 상수급수 연결 2차 사업 WASH 프로그램, 기초선 및 종료선 조사 기술용역(재공고입찰)",용역,일반경쟁,2021-02-04,이영인,False
434,L2021-00001,2,L2021-00001-2,케냐 분고마 체퓩-키바비 식수개발사업 시공업체 선정용역,공사,일반경쟁,2021-04-01,임장희,True
435,L2021-00001,1,L2021-00001-1,케냐 분고마 체퓩-키바비 식수개발사업 시공업체 선정용역,공사,일반경쟁,2021-01-20,임장희,True
436,L2020-00026,2,L2020-00026-2,파라과이 취약계층 노인 보건의료복지센터 정책수립 지원 사업 의료기자재 입찰,물품,일반경쟁,2021-01-04,김성은,False
