source_record_id,source_row_number,public_data_id,source_page_url,project_no_source,project_no_linked,project_link_method,project_link_score,existing_db_project_match,existing_db_project_bid_nos,bid_no_source,bid_base_no_source,contract_no,amendment_sequence,new_or_amended,country_ko,is_uganda,contract_title,procurement_program,procurement_category,contract_type,contract_method,contract_date,currency,contract_amount,scope,amount_changed,period_changed,scope_changed,contract_start_date,contract_end_date,requesting_department,contractors,estimated_price,note,amount_boundary,construction_related,construction_reason,construction_keywords,area_values_m2,gross_floor_area_m2,gfa_extraction_method,raw_ceiling_per_gfa_krw,unit_cost_potential
15073135:1,1,15073135,https://www.data.go.kr/data/15073135/fileData.do,,2023-00005,official_report_title_containment,0.990,0,,,,P2026-00011,1,신규,모로코,0,모로코 마라케시 친환경 전기버스 교통체계 구축사업 친환경 전기버스 및 기자재 공급,원조조달입찰,물품,입찰,일반경쟁,2026-05-20,WON,9132081675,"사업수행계획서, 제안요청서, 기자재 사양서, 기술협상결과서, 계약금액내역서 등에 의함",,,,2026-05-20,2026-12-31,아프리카2팀,현대코퍼레이션 주식회사,9596902744,,KOICA 원조조달 계약금액; 변경계약은 차수별 스냅샷,0,,,,,,,0
15073135:2,2,15073135,https://www.data.go.kr/data/15073135/fileData.do,,,,0.512,0,,,,P2026-00010,1,신규,베트남,0,"베트남 법원 아카데미 디지털 혁신 기술 기반 역량강화사업(2024-2028/1,470만불) PMC 용역",원조조달입찰,용역,수의계약,수의계약,2026-04-24,WON,2910000000,"제안요청서, 사업수행계획서, 기술협상결과서 등에 의함",,,,2026-04-24,2028-12-31,동남아시아1팀,"경희대학교 산학협력단, 주식회사 엠씨미디어솔루션",,,KOICA 원조조달 계약금액; 변경계약은 차수별 스냅샷,0,,,,,,,0
15073135:3,3,15073135,https://www.data.go.kr/data/15073135/fileData.do,,,,0.536,0,,,,P2026-00009,1,신규,팔레스타인,0,팔레스타인 디지털 전환을 위한 혁신기술 RnD 역량강화사업 PMC 용역,원조조달입찰,용역,입찰,일반경쟁,2026-03-11,WON,13206960815,"제안요청서, 사업수행계획서, 기술협상결과서 등에 의함",,,,2026-03-11,2031-12-31,중동팀,국민대학교산학협력단,15356931180,,KOICA 원조조달 계약금액; 변경계약은 차수별 스냅샷,0,,,,,,,0
15073135:4,4,15073135,https://www.data.go.kr/data/15073135/fileData.do,,,,0.253,0,,,,P2026-00008,1,신규,,0,(장기계속/1차)2026~2027 이노포트(국제개발형 임팩트 유니콘 기업 보육·육성) 프로그램 기획 및 운영 용역,원조조달입찰,용역,입찰,일반경쟁,2026-02-20,WON,674300000,"제안요청서, 기술협상결과통보서, 평가수행계획서에 의함",,,,2026-02-20,2026-12-31,기업협력사업팀,씨엔티테크(주),1498530994,,KOICA 원조조달 계약금액; 변경계약은 차수별 스냅샷,0,,,,,,,0
15073135:5,5,15073135,https://www.data.go.kr/data/15073135/fileData.do,,2021-00111,official_report_title_containment,0.990,1,L2022-00036-1;L2024-00049-1;L2024-00049-2;L2024-00054-1;L2024-00054-2,,,P2026-00007,1,신규,엘살바도르,0,(장기계속/3차)엘살바도르 ITCA 공학교육역량 강화사업 기자재 지원 공급업체 선정,원조조달입찰,물품,입찰,일반경쟁,2026-02-13,WON,67961784,세부사양서 및 투찰내역서 참조,,,,2026-01-01,2026-06-30,중미·카리브팀,주식회사 가을디에스,,,KOICA 원조조달 계약금액; 변경계약은 차수별 스냅샷,0,,학교,,,,,0
15073135:6,6,15073135,https://www.data.go.kr/data/15073135/fileData.do,,2021-00111,official_report_title_containment,0.990,1,L2022-00036-1;L2024-00049-1;L2024-00049-2;L2024-00054-1;L2024-00054-2,,,P2026-00007,2,변경,엘살바도르,0,(장기계속/3차)엘살바도르 ITCA 공학교육역량 강화사업 기자재 지원 공급업체 선정,원조조달입찰,물품,변경계약,일반경쟁,2026-06-18,WON,67961784,세부사양서 및 투찰내역서 참조,,Y,,2026-01-01,2026-12-31,중미·카리브팀,주식회사 가을디에스,,,KOICA 원조조달 계약금액; 변경계약은 차수별 스냅샷,0,,학교,,,,,0
15073135:7,7,15073135,https://www.data.go.kr/data/15073135/fileData.do,,,,0.368,0,,,,P2026-00006,1,신규,라오스,0,라오스 버리캄싸이주 상수도 확충 및 개선사업 (2025-2029/600만불) PMC 용역,원조조달입찰,용역,입찰,일반경쟁,2026-02-06,WON,2180410000,"계약서, 사업수행계획서, 제안요청서 등에 따름.",,,,2026-02-06,2029-10-31,동남아시아1팀,"주식회사 이산, 주식회사 건화",2259441595,,KOICA 원조조달 계약금액; 변경계약은 차수별 스냅샷,0,,,,,,,0
15073135:8,8,15073135,https://www.data.go.kr/data/15073135/fileData.do,,2025-00157,official_report_title_containment,0.990,0,,,,P2026-00005,1,신규,,0,자메이카 토지행정 역량강화사업 PMC 용역,원조조달입찰,용역,수의계약,수의계약,2026-01-30,WON,7160000000,"사업수행계획서, 기술협상 결과 및 제안요청서 등에 의함",,,,2026-01-30,2031-03-31,중미·카리브팀,"한국국토정보공사, 서울시립대학교 산학협력단, 주식회사 한국아이티컨설팅",,,KOICA 원조조달 계약금액; 변경계약은 차수별 스냅샷,0,,,,,,,0
15073135:9,9,15073135,https://www.data.go.kr/data/15073135/fileData.do,,,,0.500,0,,,,P2026-00004,1,신규,키르기스스탄,0,키르기스스탄 대기질 개선사업 PMC 용역,원조조달입찰,용역,입찰,일반경쟁,2026-01-19,WON,3456543705,"사업수행계획서, 기술협상 결과 및 제안요청서 등에 의함",,,,2026-01-19,2028-12-31,유라시아팀,"한국산업기술시험원, 아이씨티웨이 주식회사",3688947391,,KOICA 원조조달 계약금액; 변경계약은 차수별 스냅샷,0,,,,,,,0
15073135:10,10,15073135,https://www.data.go.kr/data/15073135/fileData.do,,,,0.377,0,,,,P2026-00003,1,신규,우즈베키스탄,0,우즈베키스탄 시뮬레이션 기반 훈련시설 운전시뮬레이터 개발 및 공급 용역,원조조달입찰,용역,입찰,제한경쟁,2026-01-12,WON,1318000000,"사업수행계획서, 기술협상 결과 및 제안요청서 등에 의함",,,,2026-01-12,2027-06-30,유라시아팀,주식회사 인터랙트,1489416723,,KOICA 원조조달 계약금액; 변경계약은 차수별 스냅샷,0,,시설,,,,,0
15073135:11,11,15073135,https://www.data.go.kr/data/15073135/fileData.do,,,,0.167,0,,,,P2026-00001,1,신규,인도,0,(장기계속/3차)2024-2026 KOICA 인도지원처 회계정산 검토용역,원조조달입찰,용역,입찰,일반경쟁,2026-01-02,WON,42487000,제안요청서 및 사업수행계획서 참조,,,,2026-01-01,2026-04-30,인도지원실,삼화회계법인,,,KOICA 원조조달 계약금액; 변경계약은 차수별 스냅샷,0,,,,,,,0
15073135:12,12,15073135,https://www.data.go.kr/data/15073135/fileData.do,,2021-00141,existing_db_title_containment,0.990,1,L2022-00006-1,,,P2025-00212,1,신규,네팔,0,(장기계속/6차년도) 네팔 경찰청 사이버 안전국 설립을 통한 사이버 수사능력 강화사업 PMC 용역,원조조달입찰,용역,입찰,일반경쟁,2026-01-01,WON,918949276,"용역수행계획서, 기술협상결과 및 제안요청서 등에 의함",,,,2026-01-01,2026-12-31,서남아시아팀,"성균관대학교 산학협력단, 고려대학교산학협력단, 한림대학교 산학협력단, 수원과학대학교 산학협력단",,,KOICA 원조조달 계약금액; 변경계약은 차수별 스냅샷,0,,,,,,,0
15073135:13,13,15073135,https://www.data.go.kr/data/15073135/fileData.do,,2023-00055,official_report_title_containment,0.990,0,,,,P2025-00210,1,신규,방글라데시,0,방글라데시 플랫폼 기반의 통계 서비스 역량강화사업 통계 데이터웨어하우스 플랫폼 구축 감리 PC 용역,원조조달입찰,용역,입찰,일반경쟁,2026-01-09,WON,419770000,"사업수행계획서, 기술협상결과 및 제안요청서 등에 의함",,,,2026-01-09,2027-12-31,서남아시아팀,(주)씨에이에스,524706670,,KOICA 원조조달 계약금액; 변경계약은 차수별 스냅샷,0,,감리,,,,,0
15073135:14,14,15073135,https://www.data.go.kr/data/15073135/fileData.do,,2021-00031,official_report_title_containment,0.990,0,,,,P2025-00209,1,신규,모잠비크,0,(장기계속/3차) 모잠비크 리쿵고강 유역 홍수예경보시스템 구축 사업 기자재 납품 및 설치,원조조달입찰,물품,입찰,일반경쟁,2026-01-01,WON,593855323,원계약내용에 따름,,,,2026-01-01,2026-12-31,아프리카1팀,주식회사 에스디시스템,,,KOICA 원조조달 계약금액; 변경계약은 차수별 스냅샷,0,,,,,,,0
15073135:15,15,15073135,https://www.data.go.kr/data/15073135/fileData.do,,,,0.360,0,,,,P2025-00208,1,신규,모잠비크,0,(장기계속/5차) 모잠비크 멀티바이사업 성과관리용역,원조조달입찰,용역,입찰,일반경쟁,2026-01-01,WON,74794966,"제안요청서, 사업수행계획서, 기술협상결과서 등에 의함",,,,2026-01-01,2026-12-31,아프리카1팀,(주)갈렙앤컴퍼니,,,KOICA 원조조달 계약금액; 변경계약은 차수별 스냅샷,0,,,,,,,0
15073135:16,16,15073135,https://www.data.go.kr/data/15073135/fileData.do,,,,0.278,0,,,,P2025-00205,2,변경,,0,"2025년 시민사회협력프로그램 종료평가 대상사업 (교육, 농림수산, 다분야) 종료평가 용역",원조조달입찰,용역,변경계약,제한경쟁,2026-02-20,WON,182666634,"용역범위는 제안요청서, 기술협상결과통보서, 평가수행계획서에 의함",Y,,Y,2026-01-01,2026-06-01,시민사회협력사업팀,지에스아이컨설팅 주식회사,217209092,,KOICA 원조조달 계약금액; 변경계약은 차수별 스냅샷,0,,,,,,,0
15073135:17,17,15073135,https://www.data.go.kr/data/15073135/fileData.do,,2022-00048,official_report_title_containment,0.990,1,L2024-00021-1;L2024-00022-1,,,P2025-00204,1,신규,몽골,0,(장기계속/2차) 몽골 초중고등학교 급식환경 개선 및 역량강화 사업 가구 제작 및 설치,원조조달입찰,물품,입찰,제한경쟁,2026-01-01,WON,38370731,세부사양서 및 투찰내역서 참조,,,,2026-01-01,2026-06-30,서남아시아팀,평화사무용가구,,,KOICA 원조조달 계약금액; 변경계약은 차수별 스냅샷,0,,학교,,,,,0
15073135:18,18,15073135,https://www.data.go.kr/data/15073135/fileData.do,,2022-00048,official_report_title_containment,0.990,1,L2024-00021-1;L2024-00022-1,,,P2025-00204,2,변경,몽골,0,(장기계속/2차) 몽골 초중고등학교 급식환경 개선 및 역량강화 사업 가구 제작 및 설치,원조조달입찰,물품,변경계약,제한경쟁,2026-03-11,WON,38370731,세부사양서 및 투찰내역서 참조,,Y,,2026-01-01,2026-12-31,서남아시아팀,평화사무용가구,,,KOICA 원조조달 계약금액; 변경계약은 차수별 스냅샷,0,,학교,,,,,0
15073135:19,19,15073135,https://www.data.go.kr/data/15073135/fileData.do,,,,0.875,0,,,,P2025-00203,1,신규,에티오피아,0,에티오피아 양질의 일자리 창출을 위한 ICT 기반의 창업 및 중소기업 육성 지원 사업 전산감리용역,원조조달입찰,용역,입찰,제한경쟁,2026-01-02,WON,158717000,"제안요청서, 사업수행계획서, 기술협상결과서 등에 의함",,,,2026-01-02,2026-12-31,아프리카1팀,(주)한국정보기술단,198395144,,KOICA 원조조달 계약금액; 변경계약은 차수별 스냅샷,0,,감리,,,,,0
15073135:20,20,15073135,https://www.data.go.kr/data/15073135/fileData.do,,,,0.459,0,,,,P2025-00202,1,신규,페루,0,페루 클라우드 기반 중앙부처 전자문서 통합관리시스템 구축사업 감리 용역,원조조달입찰,용역,입찰,일반경쟁,2026-01-01,WON,316157426,"계약서, 제안요청서, 사업수행계획서 등에 따름.",,,,2026-01-01,2028-12-31,남미팀,주식회사 한국아이티컨설팅,400642192,,KOICA 원조조달 계약금액; 변경계약은 차수별 스냅샷,0,,감리,,,,,0
15073135:21,21,15073135,https://www.data.go.kr/data/15073135/fileData.do,,,,0.286,0,,,,P2025-00200,1,신규,,0,(장기계속/3차) KOICA 기후주류화 전략 및 액션플랜 수립을 위한 컨설팅 용역,원조조달입찰,용역,수의계약,수의계약,2026-01-01,WON,64515557,"용역수행계획서, 기술협상결과 및 제안요청서 등에 의함",,,,2026-01-01,2026-03-08,기후환경·경제개발팀,"한국환경연구원, 주식회사 선도소프트",,,KOICA 원조조달 계약금액; 변경계약은 차수별 스냅샷,0,,,,,,,0
15073135:22,22,15073135,https://www.data.go.kr/data/15073135/fileData.do,,2022-00048,official_report_title_containment,0.990,1,L2024-00021-1;L2024-00022-1,,,P2025-00199,1,신규,몽골,0,(장기계속/2차) 몽골 초중고등학교 급식환경 개선 및 역량강화 사업 급식기자재 제작 및 설치,원조조달입찰,물품,입찰,일반경쟁,2026-01-01,WON,170461642,세부사양서 및 투찰내역서 참조,,,,2026-01-01,2026-06-30,서남아시아팀,"주식회사 에이치케이, 주식회사 에이치엔비",,,KOICA 원조조달 계약금액; 변경계약은 차수별 스냅샷,0,,학교,,,,,0
15073135:23,23,15073135,https://www.data.go.kr/data/15073135/fileData.do,,2022-00048,official_report_title_containment,0.990,1,L2024-00021-1;L2024-00022-1,,,P2025-00199,2,변경,몽골,0,(장기계속/2차) 몽골 초중고등학교 급식환경 개선 및 역량강화 사업 급식기자재 제작 및 설치,원조조달입찰,물품,변경계약,일반경쟁,2026-03-11,WON,170461642,세부사양서 및 투찰내역서 참조,,Y,,2026-01-01,2026-12-31,서남아시아팀,"주식회사 에이치케이, 주식회사 에이치엔비",,,KOICA 원조조달 계약금액; 변경계약은 차수별 스냅샷,0,,학교,,,,,0
15073135:24,24,15073135,https://www.data.go.kr/data/15073135/fileData.do,,2022-00048,official_report_title_containment,0.990,1,L2024-00021-1;L2024-00022-1,,,P2025-00198,1,신규,몽골,0,(장기계속/2차) 몽골 초중고등학교 급식환경 개선 및 역량강화 사업 기자재 구매 및 설치,원조조달입찰,물품,입찰,일반경쟁,2026-01-01,WON,612731620,세부사양서 및 투찰내역서 참조,,,,2026-01-01,2026-06-30,서남아시아팀,주식회사 조인잇,,,KOICA 원조조달 계약금액; 변경계약은 차수별 스냅샷,0,,학교,,,,,0
15073135:25,25,15073135,https://www.data.go.kr/data/15073135/fileData.do,,2022-00048,official_report_title_containment,0.990,1,L2024-00021-1;L2024-00022-1,,,P2025-00198,2,변경,몽골,0,(장기계속/2차) 몽골 초중고등학교 급식환경 개선 및 역량강화 사업 기자재 구매 및 설치,원조조달입찰,물품,변경계약,일반경쟁,2026-03-11,WON,612731620,세부사양서 및 투찰내역서 참조,,Y,,2026-01-01,2026-12-31,서남아시아팀,주식회사 조인잇,,,KOICA 원조조달 계약금액; 변경계약은 차수별 스냅샷,0,,학교,,,,,0
15073135:26,26,15073135,https://www.data.go.kr/data/15073135/fileData.do,,2022-00048,official_report_title_containment,0.990,1,L2024-00021-1;L2024-00022-1,,,P2025-00198,3,변경,몽골,0,(장기계속/2차) 몽골 초중고등학교 급식환경 개선 및 역량강화 사업 기자재 구매 및 설치,원조조달입찰,물품,변경계약,일반경쟁,2026-05-22,WON,609133921,세부사양서 및 투찰내역서 참조,Y,,,2026-01-01,2026-12-31,서남아시아팀,주식회사 조인잇,,,KOICA 원조조달 계약금액; 변경계약은 차수별 스냅샷,0,,학교,,,,,0
15073135:27,27,15073135,https://www.data.go.kr/data/15073135/fileData.do,,,,0.292,0,,,,P2025-00197,1,신규,,0,(장기계속/2차) 2025년도 아프리카 지역 민관협력사업 성과관리 용역,원조조달입찰,용역,입찰,일반경쟁,2026-01-01,WON,129311934,용역범위는 사업수행계획서에 의함,,,,2026-01-01,2026-12-31,시민사회협력사업팀,사단법인 한국개발전략연구소,,,KOICA 원조조달 계약금액; 변경계약은 차수별 스냅샷,0,,,,,,,0
15073135:28,28,15073135,https://www.data.go.kr/data/15073135/fileData.do,,,,0.292,0,,,,P2025-00197,2,변경,,0,(장기계속/2차) 2025년도 아프리카 지역 민관협력사업 성과관리 용역,원조조달입찰,용역,변경계약,일반경쟁,2026-03-23,WON,197383564,용역범위는 사업수행계획서에 의함,Y,,,2026-01-01,2026-12-31,시민사회협력사업팀,사단법인 한국개발전략연구소,,,KOICA 원조조달 계약금액; 변경계약은 차수별 스냅샷,0,,,,,,,0
15073135:29,29,15073135,https://www.data.go.kr/data/15073135/fileData.do,,,,0.260,0,,,,P2025-00196,1,신규,,0,(장기계속/3차) 2024-2027년 KOICA 국별협력사업 사업용역비 회계정산 검토용역,원조조달입찰,용역,입찰,일반경쟁,2026-01-01,WON,363195885,"제안요청서, 사업수행계획서, 기술협상결과에 따름.",,,,2026-01-01,2026-12-31,지역사업총괄실,우리회계법인,,,KOICA 원조조달 계약금액; 변경계약은 차수별 스냅샷,0,,,,,,,0
15073135:30,30,15073135,https://www.data.go.kr/data/15073135/fileData.do,,,,0.250,0,,,,P2025-00195,1,신규,,0,(장기계속/3차) 2024-2026 KOICA 파트너사업실 민관협력사업 회계정산 검토용역,원조조달입찰,용역,입찰,일반경쟁,2026-01-01,WON,255932778,용역내역은 사업수행계획서에 따름,,,,2026-01-01,2026-06-30,시민사회협력사업팀,삼화회계법인,,,KOICA 원조조달 계약금액; 변경계약은 차수별 스냅샷,0,,,,,,,0
15073135:31,31,15073135,https://www.data.go.kr/data/15073135/fileData.do,,,,0.250,0,,,,P2025-00195,2,변경,,0,(장기계속/3차) 2024-2026 KOICA 파트너사업실 민관협력사업 회계정산 검토용역,원조조달입찰,용역,변경계약,일반경쟁,2026-06-02,WON,255932778,용역내역은 사업수행계획서에 따름,,Y,,2026-01-01,2026-09-30,시민사회협력사업팀,삼화회계법인,,,KOICA 원조조달 계약금액; 변경계약은 차수별 스냅샷,0,,,,,,,0
15073135:32,32,15073135,https://www.data.go.kr/data/15073135/fileData.do,,,,0.207,0,,,,P2025-00192,1,신규,,0,(장기계속/2차)2025-2026 CTS Seed 0 ODA 혁신기술 시장조사 및 창업초기기업 액셀러레이팅 운영 용역,원조조달입찰,용역,입찰,일반경쟁,2026-01-01,WON,1093409348,용역범위는 사업수행게획서에 의함,,,,2026-01-01,2026-10-30,기업협력사업팀,"주식회사 엠와이소셜컴퍼니, 카이스트청년창업투자지주 주식회사",,,KOICA 원조조달 계약금액; 변경계약은 차수별 스냅샷,0,,,,,,,0
15073135:33,33,15073135,https://www.data.go.kr/data/15073135/fileData.do,,,,0.700,0,,,,P2025-00191,1,신규,페루,0,(장기계속/5차) 페루 평화판사 역량강화를 통한 지역사회 젠더폭력 대응력 개선사업 성과관리 및 BPR/ISP 컨설팅 용역,원조조달입찰,용역,수의계약,수의계약,2026-01-01,WON,125143342,"(총차)계약 및 동계약 사업수행계획서, 제안요청서 참조",,,,2026-01-01,2026-12-31,남미팀,"주식회사 넥스인테크놀로지 (NexIn Technology Co., Ltd.)",,,KOICA 원조조달 계약금액; 변경계약은 차수별 스냅샷,0,,,,,,,0
15073135:34,34,15073135,https://www.data.go.kr/data/15073135/fileData.do,,,,0.793,0,,,,P2025-00190,2,변경,키르기스스탄,0,키르기스스탄 가축 품종개량 및 인공수정 인력 역량강화 1차 기자재 공급 및 설치,원조조달입찰,물품,변경계약,수의계약,2026-05-20,WON,711253594,"사업수행계획서, 제안요청서, 세부사양서, 물품공급계획서, 계약금액내역서 등에 의함",Y,,,2025-12-29,2026-12-28,유라시아팀,주식회사 한국생물보전연구소,,,KOICA 원조조달 계약금액; 변경계약은 차수별 스냅샷,0,,,,,,,0
15073135:35,35,15073135,https://www.data.go.kr/data/15073135/fileData.do,,,,0.222,0,,,,P2025-00189,3,변경,우크라이나;인도,0,2025년도 우크라이나 인도적 현물지원(궤도형굴착기) 제조,원조조달입찰,물품,변경계약,일반경쟁,2026-03-10,WON,5644431000,세부사양서 및 투찰내역서 참조,,,,2025-12-19,2026-08-31,긴급대응팀,에이치디건설기계 주식회사,6479486325,그외(계약자변경),KOICA 원조조달 계약금액; 변경계약은 차수별 스냅샷,0,,,,,,,0
15073135:36,36,15073135,https://www.data.go.kr/data/15073135/fileData.do,,,,0.273,0,,,,P2025-00187,1,신규,,0,(장기계속계약/4차)2023~2026 창업투자 전문기관을 통한 CTS 참여기업 역량강화 용역,원조조달입찰,용역,입찰,일반경쟁,2026-01-01,WON,296798061,용역범위는 사업수행계획서에 의함,,,,2026-01-01,2026-05-31,기업협력사업팀,"주식회사 엠와이소셜컴퍼니, 주식회사 다래전략사업화센터",,,KOICA 원조조달 계약금액; 변경계약은 차수별 스냅샷,0,,,,,,,0
15073135:37,37,15073135,https://www.data.go.kr/data/15073135/fileData.do,,,,0.281,0,,,,P2025-00186,1,신규,,0,(장기계속/2차)2025~2028 창업·투자 전문기관을 통한 CTS 참여기업 역량 강화 용역,원조조달입찰,용역,입찰,일반경쟁,2026-01-01,WON,1127419279,사업수행계획서에 의함,,,,2026-01-01,2026-12-31,기업협력사업팀,"주식회사 엠와이소셜컴퍼니, 주식회사 로우파트너스",,,KOICA 원조조달 계약금액; 변경계약은 차수별 스냅샷,0,,,,,,,0
15073135:38,38,15073135,https://www.data.go.kr/data/15073135/fileData.do,,,,0.281,0,,,,P2025-00186,2,변경,,0,(장기계속/2차)2025~2028 창업·투자 전문기관을 통한 CTS 참여기업 역량 강화 용역,원조조달입찰,용역,변경계약,일반경쟁,2026-03-13,WON,1182968030,사업수행계획서에 의함,Y,,Y,2026-01-01,2026-12-31,기업협력사업팀,"주식회사 엠와이소셜컴퍼니, 주식회사 로우파트너스",,,KOICA 원조조달 계약금액; 변경계약은 차수별 스냅샷,0,,,,,,,0
15073135:39,39,15073135,https://www.data.go.kr/data/15073135/fileData.do,,,,0.227,0,,,,P2025-00184,3,변경,우크라이나;인도,0,2025년도 우크라이나 인도적 현물지원(차륜형로더) 제조,원조조달입찰,물품,변경계약,일반경쟁,2026-03-10,WON,5297684448,세부사양서 및 투찰내역서 참조,,,Y,2025-12-18,2026-08-31,긴급대응팀,에이치디건설기계 주식회사,6199907326,,KOICA 원조조달 계약금액; 변경계약은 차수별 스냅샷,0,,,,,,,0
15073135:40,40,15073135,https://www.data.go.kr/data/15073135/fileData.do,,,,0.227,0,,,,P2025-00182,3,변경,우크라이나;인도,0,2025년도 우크라이나 인도적 현물지원(궤도형도저) 제조,원조조달입찰,물품,변경계약,수의계약,2026-03-10,WON,5417685000,세부사양서 및 투찰내역서 참조,,,,2025-12-17,2026-09-30,긴급대응팀,에이치디건설기계 주식회사,,그외(계약자변경),KOICA 원조조달 계약금액; 변경계약은 차수별 스냅샷,0,,,,,,,0
15073135:41,41,15073135,https://www.data.go.kr/data/15073135/fileData.do,,2020-00048,official_report_title_containment,0.990,1,L2024-00062-1;L2024-00062-2;L2024-00062-3;L2025-00021-1,,,P2025-00170,2,변경,세네갈,0,세네갈 미곡가치사슬 강화 2차 사업 미곡종합처리장 기계설비 물품 제조 및 설치,원조조달입찰,물품,변경계약,일반경쟁,2026-05-15,WON,2617396705,"과업지시서, 물품공급계획서, 사양서 등에 의함",Y,Y,,2025-12-11,2026-12-31,아프리카2팀,주식회사 대원지에스아이,2716446135,,KOICA 원조조달 계약금액; 변경계약은 차수별 스냅샷,0,,,,,,,0
15073135:42,42,15073135,https://www.data.go.kr/data/15073135/fileData.do,,,,0.432,0,,,,P2025-00159,2,변경,우즈베키스탄,0,우즈베키스탄 유아교사 역량강화 및 유아교육진흥센터 건립사업 유아체험관 체험시설 설계 및 제작설치,원조조달입찰,용역,변경계약,제한경쟁,2026-03-31,WON,2361000000,"사업수행계획서, 기술협상 결과 및 제안요청서 등에 의함",,Y,,2025-12-12,2026-12-29,유라시아팀,"주식회사 시공테크, 주식회사 엠씨미디어솔루션",2556088815,,KOICA 원조조달 계약금액; 변경계약은 차수별 스냅샷,1,강한건축어;시설어+설계감리어,건립;센터;시설;설계,,,,,0
15073135:43,43,15073135,https://www.data.go.kr/data/15073135/fileData.do,,,,0.432,0,,,,P2025-00159,3,변경,우즈베키스탄,0,우즈베키스탄 유아교사 역량강화 및 유아교육진흥센터 건립사업 유아체험관 체험시설 설계 및 제작설치,원조조달입찰,용역,변경계약,제한경쟁,2026-05-22,WON,2361000000,"사업수행계획서, 기술협상 결과 및 제안요청서 등에 의함",,Y,,2025-12-12,2026-12-29,유라시아팀,"주식회사 시공테크, 주식회사 엠씨미디어솔루션",2556088815,,KOICA 원조조달 계약금액; 변경계약은 차수별 스냅샷,1,강한건축어;시설어+설계감리어,건립;센터;시설;설계,,,,,0
15073135:44,44,15073135,https://www.data.go.kr/data/15073135/fileData.do,,,,0.393,0,,,,P2025-00151,1,신규,몽골,0,몽골 국립 칭기스칸박물관 디지털 콘텐츠 개발 및 운영역량 강화 사업 PMC 용역,원조조달입찰,용역,입찰,일반경쟁,2026-02-25,WON,3409912000,"사업수행계획서, 기술협상결과 및 제안요청서 등에 의함",,,,2026-02-25,2028-12-31,서남아시아팀,"주식회사 아키아카, 단국대학교 천안캠퍼스 산학협력단, 국립공주대학교 산학협력단",3747158851,,KOICA 원조조달 계약금액; 변경계약은 차수별 스냅샷,0,,,,,,,0
15073135:45,45,15073135,https://www.data.go.kr/data/15073135/fileData.do,,2022-00171,official_report_title_containment,0.990,0,,,,P2025-00140,2,변경,르완다,0,르완다 농산물 가치사슬 스마트화 지원사업 기자재 PC(제조 포함),원조조달입찰,물품,변경계약,수의계약,2026-05-13,WON,2440000000,원계약내용에 따름,,,Y,2025-12-08,2026-12-31,아프리카1팀,주식회사 예스파워,,,KOICA 원조조달 계약금액; 변경계약은 차수별 스냅샷,0,,,,,,,0
15073135:46,46,15073135,https://www.data.go.kr/data/15073135/fileData.do,,,,0.680,0,,,,P2025-00122,2,변경,방글라데시;라오스,0,"라오스,방글라데시 혁신적 농촌공동체 개발 프로그램 기본설계조사(BDS) 용역",원조조달입찰,용역,변경계약,수의계약,2026-04-06,WON,891000000,"용역수행계획서, 기술협상결과, 제안요청서 및 과업내용서 등에 의함",,Y,,2025-11-17,2026-06-27,동남아시아1팀,주식회사 버켈라,,,KOICA 원조조달 계약금액; 변경계약은 차수별 스냅샷,0,,기본설계;설계,,,,,0
15073135:47,47,15073135,https://www.data.go.kr/data/15073135/fileData.do,,,,0.467,0,,,,P2025-00105,2,변경,필리핀,0,필리핀 카라바오 낙농 개량 체계(NDHI) 구축 및 농가 역량강화 사업 실험실 기자재 공급업체 선정,원조조달입찰,물품,변경계약,일반경쟁,2026-03-06,WON,1288558000,"과업지시서, 기자재세부사양서, 공급계획서, 카달로그에 의함",,Y,,2025-10-21,2026-12-31,동남아시아2팀,주식회사아이티베이스,1463653667,,KOICA 원조조달 계약금액; 변경계약은 차수별 스냅샷,0,,실험실,,,,,0
15073135:48,48,15073135,https://www.data.go.kr/data/15073135/fileData.do,,2022-00048,official_report_title_containment,0.990,1,L2024-00021-1;L2024-00022-1,,,P2025-00092,3,변경,몽골,0,(장기계속/1차) 몽골 초중고등학교 급식환경 개선 및 역량강화 사업 기자재 구매 및 설치,원조조달입찰,물품,변경계약,일반경쟁,2026-05-22,WON,618842296,세부사양서 및 투찰내역서 참조,Y,,,2025-09-29,2026-02-28,서남아시아팀,주식회사 조인잇,1523397897,,KOICA 원조조달 계약금액; 변경계약은 차수별 스냅샷,0,,학교,,,,,0
15073135:49,49,15073135,https://www.data.go.kr/data/15073135/fileData.do,,,,0.255,0,,,,P2025-00091,2,변경,미얀마,0,KOICA 미얀마 건축사업 정밀안전점검 및 정밀안전진단(내진성능평가) 용역,원조조달입찰,용역,변경계약,수의계약,2026-01-19,WON,81695700,용역수행계획서 및 과업지시서 등에 의함,,Y,,2025-09-29,2026-03-31,동남아시아1팀,(주)맥구조엔지니어링,,,KOICA 원조조달 계약금액; 변경계약은 차수별 스냅샷,0,,,,,,,0
15073135:50,50,15073135,https://www.data.go.kr/data/15073135/fileData.do,,,,0.353,0,,,,P2025-00073,2,변경,몽골,0,몽골 기후환경분야 신규사업 형성 지원 용역,원조조달입찰,용역,변경계약,일반경쟁,2026-01-30,WON,231100000,"용역수행계획서, 기술협상결과 및 제안요청서 등에 의함",,Y,,2025-09-01,2026-09-30,서남아시아팀,주식회사 아이에스티아이 미래전략연구소,254036748,,KOICA 원조조달 계약금액; 변경계약은 차수별 스냅샷,0,,,,,,,0
15073135:51,51,15073135,https://www.data.go.kr/data/15073135/fileData.do,,,,0.321,0,,,,P2025-00067,2,변경,필리핀,0,KOICA 필리핀 2027년 국별협력사업 발굴 및 형성 기술지원 용역,원조조달입찰,용역,변경계약,일반경쟁,2026-05-22,WON,418896872,제안요청서에 의함,,Y,,2025-08-13,2026-07-31,동남아시아2팀,"에스피알앤에이 주식회사, 서울대학교 산학협력단",433522584,,KOICA 원조조달 계약금액; 변경계약은 차수별 스냅샷,0,,,,,,,0
15073135:52,52,15073135,https://www.data.go.kr/data/15073135/fileData.do,,2021-00100,official_report_title_containment,0.990,0,,,,P2025-00055,3,변경,르완다,0,르완다 소프트웨어 특성화고 역량강화 사업 가구 제조 및 설치,원조조달입찰,물품,변경계약,제한경쟁,2026-01-26,WON,335113900,원계약내용에 따름,,,Y,2025-09-22,2026-12-31,아프리카1팀,주식회사 한성넥스,377462192,,KOICA 원조조달 계약금액; 변경계약은 차수별 스냅샷,0,,,,,,,0
15073135:53,53,15073135,https://www.data.go.kr/data/15073135/fileData.do,,2023-00105,official_report_title_containment,0.990,0,,,,P2025-00053,2,변경,우즈베키스탄,0,우즈베키스탄 타슈켄트주 스마트 기술기반 산림 도시녹화 역량강화사업 기자재 공급 및 설치,원조조달입찰,물품,변경계약,일반경쟁,2026-02-06,WON,817800000,"과업지시서, 세부사양서, 물품공급계획서, 계약금액내역서 등에 의함",,Y,,2025-07-09,2026-04-30,유라시아팀,주식회사 솔향원,900234517,,KOICA 원조조달 계약금액; 변경계약은 차수별 스냅샷,0,,,,,,,0
15073135:54,54,15073135,https://www.data.go.kr/data/15073135/fileData.do,,2021-00100,official_report_title_containment,0.990,0,,,,P2025-00047,3,변경,르완다,0,르완다 소프트웨어 특성화고 역량강화 사업 기자재 구매 및 설치,원조조달입찰,물품,변경계약,일반경쟁,2026-01-26,WON,673840000,원계약내용에 따름,,,Y,2025-06-18,2026-12-31,아프리카1팀,(주)비진테크놀러지,842186779,,KOICA 원조조달 계약금액; 변경계약은 차수별 스냅샷,0,,,,,,,0
15073135:55,55,15073135,https://www.data.go.kr/data/15073135/fileData.do,,2023-00027,official_report_title_containment,0.990,1,L2025-00003-1;L2025-00003-2;L2025-00028-1;L2025-00054-1;L2025-00058-1,,,P2025-00045,3,변경,키르기스스탄,0,키르기스스탄 국회 디지털화 사업 시스템 기자재 공급 및 설치,원조조달입찰,물품,변경계약,일반경쟁,2026-01-07,WON,3416000000,기자재 세부사양서 및 계약금액내역서 참조,Y,,,2025-06-09,2026-06-08,유라시아팀,"주식회사 융창, 주식회사 조인잇, 씨제이올리브네트웍스 주식회사",3809347779,,KOICA 원조조달 계약금액; 변경계약은 차수별 스냅샷,0,,,,,,,0
15073135:56,56,15073135,https://www.data.go.kr/data/15073135/fileData.do,,2023-00027,official_report_title_containment,0.990,1,L2025-00003-1;L2025-00003-2;L2025-00028-1;L2025-00054-1;L2025-00058-1,,,P2025-00045,4,변경,키르기스스탄,0,키르기스스탄 국회 디지털화 사업 시스템 기자재 공급 및 설치,원조조달입찰,물품,변경계약,일반경쟁,2026-03-18,WON,3512173000,기자재 세부사양서 및 계약금액내역서 참조,Y,,Y,2025-06-09,2026-06-08,유라시아팀,"주식회사 융창, 주식회사 조인잇, 씨제이올리브네트웍스 주식회사",3809347779,,KOICA 원조조달 계약금액; 변경계약은 차수별 스냅샷,0,,,,,,,0
15073135:57,57,15073135,https://www.data.go.kr/data/15073135/fileData.do,,2024-00012,official_report_title_containment,0.990,0,,,,P2025-00026,2,변경,르완다,0,르완다 통합적 일자리 정보체계 구축사업 시스템 개발 용역,원조조달입찰,용역,변경계약,일반경쟁,2026-03-19,WON,2280725873,"제안요청서, 사업수행계획서, 기술협상결과서 등에 의함",Y,,Y,2025-04-04,2028-11-30,아프리카1팀,"(주)큐아이브이, (주)한신정보기술",2560319786,,KOICA 원조조달 계약금액; 변경계약은 차수별 스냅샷,0,,,,,,,0
15073135:58,58,15073135,https://www.data.go.kr/data/15073135/fileData.do,,2021-00166,official_report_title_containment,0.990,0,,,,P2025-00008,2,변경,필리핀,0,필리핀 해양쓰레기 관리 역량강화 사업 청항선 건조 감리 용역계약,원조조달입찰,용역,변경계약,수의계약,2026-04-17,WON,212000000,제안요청서 및 제안서에 의함,,Y,,2025-01-24,2026-06-30,동남아시아2팀,주식회사 케이알엔지니어링,,,KOICA 원조조달 계약금액; 변경계약은 차수별 스냅샷,0,,감리,,,,,0
15073135:59,59,15073135,https://www.data.go.kr/data/15073135/fileData.do,,2021-00111,official_report_title_containment,0.990,1,L2022-00036-1;L2024-00049-1;L2024-00049-2;L2024-00054-1;L2024-00054-2,,,P2024-00167,3,변경,엘살바도르,0,(장기계속/2차)엘살바도르 ITCA 공학교육역량 강화사업 기자재 지원 공급업체 선정,원조조달입찰,물품,변경계약,일반경쟁,2026-02-11,WON,549035162,원 계약내역에 따름,Y,Y,,2025-01-01,2026-02-13,중미·카리브팀,주식회사 가을디에스,,,KOICA 원조조달 계약금액; 변경계약은 차수별 스냅샷,0,,학교,,,,,0
15073135:60,60,15073135,https://www.data.go.kr/data/15073135/fileData.do,,2021-00166,official_report_title_containment,0.990,0,,,,P2024-00162,2,변경,필리핀,0,필리핀 해양쓰레기 관리 역량강화사업 청항선 건조,원조조달입찰,물품,변경계약,제한경쟁,2026-02-04,WON,5319681000,건조사양서 및 건조비내역서 참조,,Y,,2024-12-11,2026-04-30,동남아시아2팀,고려조선 주식회사,5898380707,,KOICA 원조조달 계약금액; 변경계약은 차수별 스냅샷,0,,,,,,,0
15073135:61,61,15073135,https://www.data.go.kr/data/15073135/fileData.do,,2021-00166,official_report_title_containment,0.990,0,,,,P2024-00162,3,변경,필리핀,0,필리핀 해양쓰레기 관리 역량강화사업 청항선 건조,원조조달입찰,물품,변경계약,제한경쟁,2026-04-06,WON,5319681000,건조사양서 및 건조비내역서 참조,,Y,,2024-12-11,2026-06-30,동남아시아2팀,고려조선 주식회사,5898380707,,KOICA 원조조달 계약금액; 변경계약은 차수별 스냅샷,0,,,,,,,0
15073135:62,62,15073135,https://www.data.go.kr/data/15073135/fileData.do,,,,0.320,0,,,,P2024-00147,2,변경,타지키스탄,0,타지키스탄 자롤리디니 발키-빤지 포욘 철도신설 타당성조사 사업 PMC 용역,원조조달입찰,용역,변경계약,일반경쟁,2026-06-01,WON,4883000000,"용역수행계획서, 기술협상결과 및 제안요청서 등에 의함",,Y,,2024-12-03,2027-06-30,유라시아팀,"주식회사 유신, 한국교통연구원, 한국철도기술연구원",5140000000,,KOICA 원조조달 계약금액; 변경계약은 차수별 스냅샷,0,,,,,,,0
15073135:63,63,15073135,https://www.data.go.kr/data/15073135/fileData.do,,2013-00029,official_report_title_containment,0.990,0,,,,P2024-00135,5,변경,모잠비크,0,모잠비크 마톨라 산업학교 역량강화사업 사후지원 기자재 구매 및 설치,원조조달입찰,물품,변경계약,제한경쟁,2026-03-31,WON,69318200,원계약내용에 의함,Y,Y,,2024-11-19,2026-05-31,아프리카1팀,케어원,61686746,,KOICA 원조조달 계약금액; 변경계약은 차수별 스냅샷,0,,학교,,,,,0
15073135:64,64,15073135,https://www.data.go.kr/data/15073135/fileData.do,,2023-00061,official_report_title_containment,0.990,1,L2025-00077-1,,,P2024-00111,2,변경,세네갈,0,세네갈 콜다주 통합적 접근을 통한 미곡가치사슬 강화사업 PMC용역,원조조달입찰,용역,변경계약,일반경쟁,2026-03-09,WON,6986681871,"용역수행계획서, 기술협상결과 및 제안요청서 등에 의함",Y,,Y,2024-10-22,2028-12-31,아프리카2팀,"주식회사 버켈라, 연세대학교 산학협력단, 사단법인 세계가나안운동, 주식회사 티에스케이",7609301025,,KOICA 원조조달 계약금액; 변경계약은 차수별 스냅샷,0,,,,,,,0
15073135:65,65,15073135,https://www.data.go.kr/data/15073135/fileData.do,,2022-00142,official_report_title_containment,0.990,1,L2024-00015-1;L2024-00015-2;L2025-00032-1;L2025-00032-2,,,P2024-00063,2,변경,나이지리아;카메룬,0,나이지리아 디지털거버넌스사업 및 카메룬 전자정부인식개선 및 역량강화사업 통합감리용역,원조조달입찰,용역,변경계약,일반경쟁,2026-05-11,WON,249039880,"용역수행계획서, 기술협상결과 및 제안요청서 등에 의함",,Y,,2024-07-08,2027-11-30,아프리카2팀,주식회사 케이씨에이,311299845,,KOICA 원조조달 계약금액; 변경계약은 차수별 스냅샷,0,,감리,,,,,0
15073135:66,66,15073135,https://www.data.go.kr/data/15073135/fileData.do,,2021-00089,official_report_title_fuzzy,0.867,0,,,,P2024-00062,4,변경,페루,0,페루 취약계층 건강보험 디지털화 및 원격의료 플랫폼 구축사업 감리 용역,원조조달입찰,용역,변경계약,제한경쟁,2026-03-20,WON,157061760,용역계약서에 따름.,,Y,,2024-07-04,2026-06-30,남미팀,주식회사 케이씨에이,,,KOICA 원조조달 계약금액; 변경계약은 차수별 스냅샷,0,,감리,,,,,0
15073135:67,67,15073135,https://www.data.go.kr/data/15073135/fileData.do,,2020-00027,official_report_title_fuzzy,0.862,0,,,,P2024-00033,4,변경,라오스,0,라오스 남능강 유역의 효율적 물관리체계 구축 및 재해대응 역량강화 사업 감리 용역,원조조달입찰,용역,변경계약,제한경쟁,2026-04-15,WON,250468264,"용역수행계획서, 기술협상결과 및 제안요청서 등에 의함",,Y,,2024-04-04,2026-10-31,동남아시아1팀,주식회사 케이씨에이,240702793,,KOICA 원조조달 계약금액; 변경계약은 차수별 스냅샷,0,,감리,,,,,0
15073135:68,68,15073135,https://www.data.go.kr/data/15073135/fileData.do,,2022-00026,official_report_title_containment,0.990,0,,,,P2024-00017,2,변경,우즈베키스탄,0,우즈베키스탄 질병부담 경감을 위한 감염병 대응체계 강화사업 PMC 용역,원조조달입찰,용역,변경계약,일반경쟁,2026-02-26,WON,10929991976,"용역수행계획서, 기술협상결과 및 제안요청서 등에 의함",,,Y,2024-02-22,2026-12-31,유라시아팀,"고려대학교산학협력단, 의료법인 녹십자의료재단, 메가정보기술㈜",12280889861,,KOICA 원조조달 계약금액; 변경계약은 차수별 스냅샷,0,,,,,,,0
15073135:69,69,15073135,https://www.data.go.kr/data/15073135/fileData.do,,2021-00135,official_report_title_containment,0.990,0,,,,P2023-00193,3,변경,스리랑카,0,(장기계속/2차)스리랑카 도로교통 DB 구축 및 역량강화 사업 PMC 용역사업 기자재 공급,원조조달입찰,물품,변경계약,일반경쟁,2026-01-08,WON,221955507,세부사양서 및 투찰내역서 참조,Y,Y,,2024-01-01,2026-03-31,서남아시아팀,에쓰오씨소프트 주식회사,,,KOICA 원조조달 계약금액; 변경계약은 차수별 스냅샷,0,,,,,,,0
15073135:70,70,15073135,https://www.data.go.kr/data/15073135/fileData.do,,,,0.633,0,,,,P2023-00147,3,변경,알제리;튀니지,0,"알제리 전자무역싱글윈도우구축, 튀니지 산업재산권공공행정정보시스템 개선통합감리용역",원조조달입찰,용역,변경계약,일반경쟁,2026-05-15,WON,698000000,"용역수행계획서, 기술협상결과 및 제안요청서 등에 의함",,Y,,2023-11-06,2027-03-31,아프리카2팀,주식회사 한국아이티컨설팅,871295527,,KOICA 원조조달 계약금액; 변경계약은 차수별 스냅샷,0,,감리,,,,,0
15073135:71,71,15073135,https://www.data.go.kr/data/15073135/fileData.do,,,,0.433,0,,,,P2023-00136,3,변경,탄자니아,0,탄자니아 학교 밖 청소년을 위한 포용적 교육사업 총괄관리 및 기술지원 용역,원조조달입찰,용역,변경계약,수의계약,2026-02-25,WON,1372190690,제안요청서와 사업수행계획서에 따름.,Y,,Y,2023-10-23,2027-03-31,아프리카1팀,지디씨컨설팅 주식회사,,,KOICA 원조조달 계약금액; 변경계약은 차수별 스냅샷,0,,학교,,,,,0
15073135:72,72,15073135,https://www.data.go.kr/data/15073135/fileData.do,,,,0.646,0,,,,P2023-00098,6,변경,베트남,0,베트남 후에시 문화관광 스마트시티 조성 지원사업 다비엔섬 복합문화공간 및 보행교량 설계 용역,원조조달입찰,용역,변경계약,수의계약,2026-03-31,WON,1330086400,"용역수행계획, 공모지침서 및 과업지시서에 의함",,Y,,2023-08-01,2026-06-30,동남아시아1팀,"주식회사 푸하하하 건축사사무소, (주)하나기연",,,KOICA 원조조달 계약금액; 변경계약은 차수별 스냅샷,0,,설계,,,,,0
15073135:73,73,15073135,https://www.data.go.kr/data/15073135/fileData.do,,2022-00173,official_report_title_containment,0.990,0,,,,P2023-00012,3,변경,몽골,0,몽골 성과주의 확립을 위한 인사행정 역량강화사업 PMC 용역,원조조달입찰,용역,변경계약,수의계약,2026-03-23,WON,2354851000,제안요청서 및 사업수행계획서에 의함,,,Y,2023-02-08,2026-12-31,서남아시아팀,"사단법인 한국개발전략연구소, 국가공무원인재개발원, 주식회사 넥스인테크놀로지 (NexIn Technology Co.Ltd.)",,,KOICA 원조조달 계약금액; 변경계약은 차수별 스냅샷,0,,,,,,,0
15073135:74,74,15073135,https://www.data.go.kr/data/15073135/fileData.do,,2020-00027,official_report_title_fuzzy,0.862,0,,,,P2022-00186,2,변경,라오스,0,라오스 남능강 유역의 효율적 물관리 체계 구축 및 재해대응 역량강화사업 PC 용역,원조조달입찰,용역,변경계약,수의계약,2026-03-31,WON,6101638571,"▲남능강 유역 물관리 시스템 구축, ▲남능강 유역 재해관리 시스템 구축, ▲물관리 및 재해대응 역량 강화, ▲남능강 유역대상 향상된 지역사회 재해대응 역량 강화, ▲사업 및 성과관리 등 사업수행계획서 및 제안요청서 참고",,Y,,2022-12-19,2026-10-31,동남아시아1팀,"주식회사제이비티, 주식회사 동일기술공사, 주식회사 진성이엔지, 주식회사 하이드로셈",,,KOICA 원조조달 계약금액; 변경계약은 차수별 스냅샷,0,,,,,,,0
15073135:75,75,15073135,https://www.data.go.kr/data/15073135/fileData.do,,,,0.549,0,,,,P2022-00147,2,변경,이집트;튀니지,0,튀니지 전자정부 시스템 구축사업 및 이집트 전자조달시스템 개선사업 통합 감리용역,원조조달입찰,용역,변경계약,일반경쟁,2026-03-30,WON,451000000,제안요청서 및 사업수행계획서에 의함,,Y,,2022-11-23,2026-06-08,아프리카2팀,주식회사 케이씨에이,550091022,,KOICA 원조조달 계약금액; 변경계약은 차수별 스냅샷,0,,감리,,,,,0
15073135:76,76,15073135,https://www.data.go.kr/data/15073135/fileData.do,,,,0.549,0,,,,P2022-00147,3,변경,이집트;튀니지,0,튀니지 전자정부 시스템 구축사업 및 이집트 전자조달시스템 개선사업 통합 감리용역,원조조달입찰,용역,변경계약,일반경쟁,2026-06-08,WON,495700789,제안요청서 및 사업수행계획서에 의함,,Y,,2022-11-23,2027-12-31,아프리카2팀,주식회사 케이씨에이,550091022,,KOICA 원조조달 계약금액; 변경계약은 차수별 스냅샷,0,,감리,,,,,0
15073135:77,77,15073135,https://www.data.go.kr/data/15073135/fileData.do,,2022-00115,official_report_title_containment,0.990,0,,,,P2022-00136,2,변경,우간다,1,우간다 고속도로 통합 매뉴얼 개발 및 주요시설물 관리시스템 구축사업 PMC 용역,원조조달입찰,용역,변경계약,수의계약,2026-03-30,WON,6410559020,제안요청서 및 사업수행계획서에 따름,Y,Y,Y,2023-01-02,2026-12-31,아프리카1팀,"한국도로공사, 주식회사 도화엔지니어링, 주식회사 제일엔지니어링종합건축사사무소",,,KOICA 원조조달 계약금액; 변경계약은 차수별 스냅샷,0,,시설,,,,,0
15073135:78,78,15073135,https://www.data.go.kr/data/15073135/fileData.do,,2022-00045,official_report_title_fuzzy,0.873,1,L2023-00072-1;L2023-00072-2,,,P2022-00077,4,변경,이집트,0,이집트 정부서비스청(GAGS) 전자조달시스템 개선사업 PMC 용역,원조조달입찰,용역,변경계약,수의계약,2026-06-08,WON,6498413614,사업수행계획서 및 제안요청서에 따름,Y,Y,Y,2022-09-08,2027-12-31,아프리카2팀,"(주)한국무역정보통신, 주식회사 한국아이티컨설팅",,,KOICA 원조조달 계약금액; 변경계약은 차수별 스냅샷,0,,,,,,,0
15073135:79,79,15073135,https://www.data.go.kr/data/15073135/fileData.do,,2021-00152,official_report_title_containment,0.990,1,L2024-00042-1,,,P2022-00009,4,변경,라오스,0,라오스 8번국도(아시안 하이웨이 15) 교량과 도로안전 기능개선 및 역량강화사업 PM 용역,원조조달입찰,용역,변경계약,수의계약,2026-03-30,WON,690000000,제안요청서 참고,,Y,,2022-01-24,2027-02-28,동남아시아1팀,"한국도로공사, 주식회사 경동엔지니어링",,,KOICA 원조조달 계약금액; 변경계약은 차수별 스냅샷,0,,,,,,,0
15073135:80,80,15073135,https://www.data.go.kr/data/15073135/fileData.do,,,,0.800,0,,,,P2020-00133,4,변경,요르단,0,요르단 카락주 파쿠오 지역 노후 상수도 관망 개선사업 PMC 용역,원조조달입찰,용역,변경계약,일반경쟁,2026-03-30,WON,1989430841,"상수도 모니터링 시스템 기본계획 수립 및 기자재 검수, 현지 설계/감리사 및 시공사 선정 지원, 설계 단계별 검토 및 자문, 시공감리 및 시공 공정 품질관리, 역량강화, 사업 및 성과관리, 홍보 등",,Y,,2020-09-02,2026-12-31,중동팀,주식회사 이산,2309629115,,KOICA 원조조달 계약금액; 변경계약은 차수별 스냅샷,0,,공사;시공;감리;설계,,,,,0
15073135:81,81,15073135,https://www.data.go.kr/data/15073135/fileData.do,,,,0.270,0,,,,M2026-00193,1,신규,,0,2026년 힐티 온트랙 시스템 이용연장 승낙사항,원조조달입찰,용역,대면계약,승낙사항,2026-06-22,WON,6600000,힐티 온트랙 시스템 이용연장(1년),,,,2026-06-22,2026-06-30,긴급대응팀,힐티코리아 주식회사,,,KOICA 원조조달 계약금액; 변경계약은 차수별 스냅샷,0,,,,,,,0
15073135:82,82,15073135,https://www.data.go.kr/data/15073135/fileData.do,,2020-00113,existing_db_title_containment,0.990,1,L2021-00006-1;L2022-00043-1,,,M2026-00188,1,신규,방글라데시,0,방글라데시 사이버안전을 위한 디지털 수사 역량 확산 사업 기자재(모바일 포렌식 SW) 구매 및 설치,원조조달입찰,물품,대면계약,수의계약,2026-07-01,WON,48000000,,,,,2026-07-01,2026-12-31,서남아시아팀,주식회사 지엠디소프트,,,KOICA 원조조달 계약금액; 변경계약은 차수별 스냅샷,0,,,,,,,0
15073135:83,83,15073135,https://www.data.go.kr/data/15073135/fileData.do,,2023-00098,official_report_title_containment,0.990,0,,,,M2026-00184,1,신규,몽골,0,몽골 자동차 검사역량 제고 및 시설 개선을 통한 교통안전 강화 사업 시스템 구축 감리 용역,원조조달입찰,용역,대면계약,일반경쟁,2026-06-26,WON,233459000,첨부파일 참조,,,,2026-06-26,2027-12-31,서남아시아팀,주식회사 한국아이티컨설팅,,,KOICA 원조조달 계약금액; 변경계약은 차수별 스냅샷,1,시설어+설계감리어,시설;감리,,,,,0
15073135:84,84,15073135,https://www.data.go.kr/data/15073135/fileData.do,,,,0.326,0,,,,M2026-00183,1,신규,,0,제19회 서울 ODA 국제회의 전시부스 설치 및 운영지원 용역,원조조달입찰,용역,대면계약,승낙사항,2026-06-25,WON,24949155,제19회 서울 ODA 국제회의(9.18.) 부대행사 운영 지원 - 전시부스 설치 및 관련 제반 준비사항 - 전시 안내 로봇 및 전시 이벤트 운영 지원 등,,,,2026-06-25,2026-09-30,ODA연구·교육원,주식회사 팁페어스,,,KOICA 원조조달 계약금액; 변경계약은 차수별 스냅샷,0,,,,,,,0
15073135:85,85,15073135,https://www.data.go.kr/data/15073135/fileData.do,,,,0.511,0,,,,M2026-00179,1,신규,파라과이,0,파라과이 국립아순시온대학 치과대학병원 역량강화사업 PMC 용역,원조조달입찰,용역,대면계약,일반경쟁,2026-06-19,WON,2994822530,,,,,2026-06-19,2031-12-31,남미팀,"부산대학교산학협력단, 인제대학교 산학협력단",,,KOICA 원조조달 계약금액; 변경계약은 차수별 스냅샷,0,,대학;병원,,,,,0
15073135:86,86,15073135,https://www.data.go.kr/data/15073135/fileData.do,,,,0.476,0,,,,M2026-00175,1,신규,캄보디아;라오스,0,2026년 KOICA 라오스·캄보디아 불발탄 제거사업 전략평가 용역,원조조달입찰,용역,대면계약,제한경쟁,2026-06-22,WON,226300000,제안요청서 및 사업수행계획서에 따름,,,,2026-06-22,2026-12-31,평가실,에스피알앤에이 주식회사,,,KOICA 원조조달 계약금액; 변경계약은 차수별 스냅샷,0,,,,,,,0
15073135:87,87,15073135,https://www.data.go.kr/data/15073135/fileData.do,,,,0.244,0,,,,M2026-00171,1,신규,인도,0,2026년 인도적 지원 분야 기업 참여 확대 프로그램 운영 용역,원조조달입찰,용역,대면계약,일반경쟁,2026-06-09,WON,211611870,제안요청서 및 사업수행계획서 참조,,,,2026-06-09,2026-12-24,인도지원실,사단법인 정부조달수출진흥협회,,,KOICA 원조조달 계약금액; 변경계약은 차수별 스냅샷,0,,,,,,,0
15073135:88,88,15073135,https://www.data.go.kr/data/15073135/fileData.do,,,,0.426,0,,,,M2026-00163,1,신규,필리핀,0,필리핀 사이버 위기대응 역량강화를 위한 국가사이버안전센터 구축사업 PMC 용역,원조조달입찰,용역,대면계약,일반경쟁,2026-06-22,WON,4474349650,,,,,2026-06-22,2029-12-31,동남아시아2팀,"한국인터넷진흥원, (주)에어키, 한국통신인터넷기술㈜, 주식회사 파이오링크",,,KOICA 원조조달 계약금액; 변경계약은 차수별 스냅샷,0,,센터,,,,,0
15073135:89,89,15073135,https://www.data.go.kr/data/15073135/fileData.do,,2021-00141,existing_db_title_containment,0.990,1,L2022-00006-1,,,M2026-00160,1,신규,네팔,0,네팔 경찰청 사이버 안전국 설립을 통한 사이버 수사능력 강화사업 일반 IT 장비 구매 및 설치,원조조달입찰,물품,대면계약,일반경쟁,2026-06-08,WON,421950000,첨부파일 참조,,,,2026-06-08,2026-12-07,서남아시아팀,(주)현대하이텍,,,KOICA 원조조달 계약금액; 변경계약은 차수별 스냅샷,0,,,,,,,0
15073135:90,90,15073135,https://www.data.go.kr/data/15073135/fileData.do,,2021-00141,existing_db_title_containment,0.990,1,L2022-00006-1,,,M2026-00160,2,변경,네팔,0,네팔 경찰청 사이버 안전국 설립을 통한 사이버 수사능력 강화사업 일반 IT 장비 구매 및 설치,원조조달입찰,물품,대면계약,일반경쟁,2026-06-19,WON,421950000,첨부파일 참조,,Y,,2026-06-08,2026-12-07,서남아시아팀,(주)현대하이텍,,,KOICA 원조조달 계약금액; 변경계약은 차수별 스냅샷,0,,,,,,,0
15073135:91,91,15073135,https://www.data.go.kr/data/15073135/fileData.do,,2022-00003,official_report_title_containment,0.990,1,L2025-00080-1;L2025-00106-1;L2025-00107-1,,,M2026-00153,1,신규,세네갈,0,세네갈 국가공중보건 실험실 역량강화사업 기자재 공급 및 설치,원조조달입찰,물품,대면계약,일반경쟁,2026-05-28,WON,1129900000,첨부파일 참조,,,,2026-05-28,2027-01-31,아프리카2팀,현대아산주식회사,,,KOICA 원조조달 계약금액; 변경계약은 차수별 스냅샷,0,,실험실,,,,,0
15073135:92,92,15073135,https://www.data.go.kr/data/15073135/fileData.do,,,,0.273,0,,,,M2026-00152,1,신규,,0,글로벌 보건 거버넌스 참여 활성화 방안 수립 및 기술자문 용역,원조조달입찰,용역,대면계약,제한경쟁,2026-05-28,WON,111512850,계약서 등에 따름.,,,,2026-06-01,2026-12-15,인도지원실,이화여자대학교 산학협력단,,,KOICA 원조조달 계약금액; 변경계약은 차수별 스냅샷,0,,,,,,,0
15073135:93,93,15073135,https://www.data.go.kr/data/15073135/fileData.do,,,,0.222,0,,,,M2026-00151,1,신규,우크라이나;인도,0,2026 우크라이나 인도적 현물지원(C-arm X-ray) 제조,원조조달입찰,물품,대면계약,일반경쟁,2026-05-27,WON,1506000000,과업지시서 참조,,,,2026-05-27,2026-11-30,긴급대응팀,주식회사 디알텍,,,KOICA 원조조달 계약금액; 변경계약은 차수별 스냅샷,0,,,,,,,0
15073135:94,94,15073135,https://www.data.go.kr/data/15073135/fileData.do,,,,0.222,0,,,,M2026-00151,2,변경,우크라이나;인도,0,2026 우크라이나 인도적 현물지원(C-arm X-ray) 제조,원조조달입찰,물품,대면계약,일반경쟁,2026-06-05,WON,1581300000,과업지시서 참조,Y,,Y,2026-05-27,2026-11-30,긴급대응팀,주식회사 디알텍,,,KOICA 원조조달 계약금액; 변경계약은 차수별 스냅샷,0,,,,,,,0
15073135:95,95,15073135,https://www.data.go.kr/data/15073135/fileData.do,,,,0.214,0,,,,M2026-00147,1,신규,인도,0,2026년 인도적 지원 홍보 용역,원조조달입찰,용역,대면계약,수의계약,2026-05-20,WON,370000000,계약서 등에 따름.,,,,2026-05-20,2026-12-31,인도지원실,주식회사 디자인스튜디오에이,,,KOICA 원조조달 계약금액; 변경계약은 차수별 스냅샷,0,,,,,,,0
15073135:96,96,15073135,https://www.data.go.kr/data/15073135/fileData.do,,,,0.317,0,,,,M2026-00146,1,신규,,0,2026년 KDRT 구조팀 상반기 출동대비훈련 소모품 공급,원조조달입찰,물품,대면계약,승낙사항,2026-05-22,WON,8461860,,,,,2026-05-22,2026-06-01,긴급대응팀,주식회사 제워디케이피,,,KOICA 원조조달 계약금액; 변경계약은 차수별 스냅샷,0,,,,,,,0
15073135:97,97,15073135,https://www.data.go.kr/data/15073135/fileData.do,,2016-00215,official_report_title_containment,0.990,1,L2019-00015-1;L2019-00015-2;L2019-00016-1,,,M2026-00145,1,신규,요르단,0,요르단 자르카 기술고등학교 설립사업 사후지원 기자재 공급 및 설치,원조조달입찰,물품,대면계약,수의계약,2026-05-26,WON,99500000,계약서 등에 따름.,,,,2026-05-26,2026-11-22,중동팀,"주식회사 가을디에스, 주식회사 우선",,,KOICA 원조조달 계약금액; 변경계약은 차수별 스냅샷,0,,학교,,,,,0
15073135:98,98,15073135,https://www.data.go.kr/data/15073135/fileData.do,,,,0.583,0,,,,M2026-00144,1,신규,파라과이,0,파라과이 아순시온 국립대학(FPUNA) ICT 혁신센터 교육장(B) 기자재 구매 및 설치 PC,원조조달입찰,물품,대면계약,일반경쟁,2026-05-20,WON,726029540,계약서 등에 따름.,,,,2026-05-20,2026-12-31,남미팀,주식회사 청파이엠티,,,KOICA 원조조달 계약금액; 변경계약은 차수별 스냅샷,0,,대학;센터,,,,,0
15073135:99,99,15073135,https://www.data.go.kr/data/15073135/fileData.do,,,,0.583,0,,,,M2026-00143,1,신규,파라과이,0,파라과이 아순시온 국립대학(FPUNA) ICT 혁신센터 서버룸(A) 기자재 구매 및 설치 PC,원조조달입찰,물품,대면계약,일반경쟁,2026-05-19,WON,649865000,세부내용은 계약서 등에 따름.,,,,2026-05-19,2026-12-31,남미팀,"주식회사 가을디에스, 주식회사 더힘",,,KOICA 원조조달 계약금액; 변경계약은 차수별 스냅샷,0,,대학;센터,,,,,0
15073135:100,100,15073135,https://www.data.go.kr/data/15073135/fileData.do,,2022-00003,official_report_title_containment,0.990,1,L2025-00080-1;L2025-00106-1;L2025-00107-1,,,M2026-00141,1,신규,세네갈,0,세네갈 국가공중보건 실험실 역량강화사업 가구 제조 및 설치,원조조달입찰,물품,대면계약,제한경쟁,2026-05-18,WON,66737000,첨부파일 참조,,,,2026-05-18,2026-12-31,아프리카2팀,평화사무용가구,,,KOICA 원조조달 계약금액; 변경계약은 차수별 스냅샷,0,,실험실,,,,,0
15073135:101,101,15073135,https://www.data.go.kr/data/15073135/fileData.do,,,,0.725,0,,,,M2026-00136,1,신규,네팔,0,네팔 Province7 지역숙련인력 양성을 위한폴리테크닉 설립사업 PMC 용역,원조조달입찰,용역,대면계약,일반경쟁,2026-05-18,WON,2900000000,첨부파일 참조,,,,2026-05-18,2030-12-31,서남아시아팀,동의대학교산학협력단,,,KOICA 원조조달 계약금액; 변경계약은 차수별 스냅샷,0,,,,,,,0
15073135:102,102,15073135,https://www.data.go.kr/data/15073135/fileData.do,,,,0.349,0,,,,M2026-00132,1,신규,라오스,0,라오스 축산물 안전관리체계 개선사업(2024-2029/440만불) 축산물 분석 시약 및 실험실 기자재 공급 및 설치,원조조달입찰,물품,대면계약,제한경쟁,2026-05-15,WON,160427460,첨부파일 참조,,,,2026-05-15,2026-10-14,동남아시아1팀,오로라메디칼,,,KOICA 원조조달 계약금액; 변경계약은 차수별 스냅샷,0,,실험실,,,,,0
15073135:103,103,15073135,https://www.data.go.kr/data/15073135/fileData.do,,,,0.419,0,,,,M2026-00131,1,신규,타지키스탄,0,타지키스탄 정부기능 디지털 전환 이행 지원사업(2024-2028/650만불) PMC 용역,원조조달입찰,용역,대면계약,일반경쟁,2026-05-15,WON,4850000000,,,,,2026-05-15,2028-12-31,유라시아팀,"주식회사 한국아이티컨설팅, 주식회사 퓨쳐누리",,,KOICA 원조조달 계약금액; 변경계약은 차수별 스냅샷,0,,,,,,,0
15073135:104,104,15073135,https://www.data.go.kr/data/15073135/fileData.do,,2021-00141,existing_db_title_containment,0.990,1,L2022-00006-1,,,M2026-00116,1,신규,네팔,0,네팔 경찰청 사이버 안전국 설립을 통한 사이버 수사능력 강화사업 PC 제조 및 설치,원조조달입찰,물품,대면계약,제한경쟁,2026-05-11,WON,272980000,첨부파일 참조,,,,2026-05-11,2026-09-10,서남아시아팀,(주)현대하이텍,,,KOICA 원조조달 계약금액; 변경계약은 차수별 스냅샷,0,,,,,,,0
15073135:105,105,15073135,https://www.data.go.kr/data/15073135/fileData.do,,2021-00141,existing_db_title_containment,0.990,1,L2022-00006-1,,,M2026-00116,2,변경,네팔,0,네팔 경찰청 사이버 안전국 설립을 통한 사이버 수사능력 강화사업 PC 제조 및 설치,원조조달입찰,물품,대면계약,제한경쟁,2026-05-20,WON,272980000,첨부파일 참조,,Y,,2026-05-11,2026-11-10,서남아시아팀,(주)현대하이텍,,,KOICA 원조조달 계약금액; 변경계약은 차수별 스냅샷,0,,,,,,,0
15073135:106,106,15073135,https://www.data.go.kr/data/15073135/fileData.do,,2021-00141,existing_db_title_containment,0.990,1,L2022-00006-1,,,M2026-00116,3,변경,네팔,0,네팔 경찰청 사이버 안전국 설립을 통한 사이버 수사능력 강화사업 PC 제조 및 설치,원조조달입찰,물품,대면계약,제한경쟁,2026-06-19,WON,272980000,첨부파일 참조,,Y,,2026-05-11,2026-11-10,서남아시아팀,(주)현대하이텍,,,KOICA 원조조달 계약금액; 변경계약은 차수별 스냅샷,0,,,,,,,0
15073135:107,107,15073135,https://www.data.go.kr/data/15073135/fileData.do,,,,0.367,0,,,,M2026-00113,1,신규,DR콩고,0,DR콩고 쾅고주 지속가능개발을 위한 에너지 접근성 강화 사업(UNDP) PMC 용역,원조조달입찰,용역,대면계약,일반경쟁,2026-04-22,WON,3051000000,,,,,2026-04-22,2029-12-31,아프리카2팀,"주식회사 아이에스티아이 미래전략연구소, 주식회사 더드림글로벌",,,KOICA 원조조달 계약금액; 변경계약은 차수별 스냅샷,0,,,,,,,0
15073135:108,108,15073135,https://www.data.go.kr/data/15073135/fileData.do,,,,0.429,0,,,,M2026-00110,1,신규,인도네시아;인도,0,인도네시아 법령정보시스템 구축 사업 전산감리 용역,원조조달입찰,용역,대면계약,일반경쟁,2026-04-30,WON,215550000,,,,,2026-04-30,2027-12-31,동남아시아2팀,(주)한국정보기술단,,,KOICA 원조조달 계약금액; 변경계약은 차수별 스냅샷,0,,감리,,,,,0
15073135:109,109,15073135,https://www.data.go.kr/data/15073135/fileData.do,,,,0.424,0,,,,M2026-00103,1,신규,인도네시아;인도,0,인도네시아 국가사무처 디지털 전환 기반 구축을 위한 마스터플랜 수립 및 역량강화 사업 PMC 용역,원조조달입찰,용역,대면계약,일반경쟁,2026-04-24,WON,3293959600,,,,,2026-04-24,2027-12-31,동남아시아2팀,"주식회사 티지, 문엔지니어링㈜, 주식회사 아이지비앤드컴퍼니",,,KOICA 원조조달 계약금액; 변경계약은 차수별 스냅샷,0,,,,,,,0
15073135:110,110,15073135,https://www.data.go.kr/data/15073135/fileData.do,,,,0.444,0,,,,M2026-00085,1,신규,인도네시아;인도,0,인도네시아 법령정보시스템 구축 사업 시스템 개발 용역 및 기자재 공급,원조조달입찰,용역,대면계약,일반경쟁,2026-04-13,WON,3227495840,,,,,2026-04-13,2027-12-31,동남아시아2팀,"(주)메인라인, 주식회사 베스티안소프트",,,KOICA 원조조달 계약금액; 변경계약은 차수별 스냅샷,0,,,,,,,0
15073135:111,111,15073135,https://www.data.go.kr/data/15073135/fileData.do,,,,0.235,0,,,,M2026-00072,1,신규,,0,2026년 조달 업무 지원 영상 및 카드뉴스 제작 용역,원조조달입찰,용역,대면계약,승낙사항,2026-03-30,WON,28138000,승낙사항 및 과업지시서에 따름.,,,,2026-04-06,2026-10-31,조달1팀,주식회사 아이엔씨미디어,,,KOICA 원조조달 계약금액; 변경계약은 차수별 스냅샷,0,,,,,,,0
15073135:112,112,15073135,https://www.data.go.kr/data/15073135/fileData.do,,,,0.455,0,,,,M2026-00071,1,신규,인도네시아;인도,0,인도네시아 보건인력 관리 체계 개선사업 PMC 용역,원조조달입찰,용역,대면계약,일반경쟁,2026-03-27,WON,2194388430,,,,,2026-03-27,2028-12-31,동남아시아2팀,"고려대학교산학협력단, 한국보건복지인재원, 팀세일러스컨설팅 유한책임회사",,,KOICA 원조조달 계약금액; 변경계약은 차수별 스냅샷,0,,,,,,,0
15073135:113,113,15073135,https://www.data.go.kr/data/15073135/fileData.do,,,,0.250,0,,,,M2026-00060,1,신규,,0,2026년 KDRT 구조팀 UC과정 운영(숙박) 용역,원조조달입찰,용역,대면계약,승낙사항,2026-03-20,WON,12515000,숙박 및 교육 운영을 위한 다과 지원 용역,,,,2026-03-20,2026-04-01,긴급대응팀,코모도호텔,,,KOICA 원조조달 계약금액; 변경계약은 차수별 스냅샷,0,,,,,,,0
15073135:114,114,15073135,https://www.data.go.kr/data/15073135/fileData.do,,2021-00141,existing_db_title_containment,0.990,1,L2022-00006-1,,,M2026-00050,1,신규,네팔,0,네팔 경찰청 사이버 안전국 설립을 통한 사이버 수사능력 강화사업 가구 제작 및 설치,원조조달입찰,물품,대면계약,제한경쟁,2026-03-11,WON,301999000,,,,,2026-03-11,2026-09-10,서남아시아팀,평화사무용가구,,,KOICA 원조조달 계약금액; 변경계약은 차수별 스냅샷,0,,,,,,,0
15073135:115,115,15073135,https://www.data.go.kr/data/15073135/fileData.do,,,,0.316,0,,,,M2025-00336,2,변경,미얀마;인도,0,2025년도 對미얀마 인도적 현물지원(방수포) 제조,원조조달입찰,물품,대면계약,일반경쟁,2026-02-23,WON,263633010,,,Y,,2025-11-17,2026-03-23,긴급대응팀,연홍코퍼레이션,,,KOICA 원조조달 계약금액; 변경계약은 차수별 스냅샷,0,,,,,,,0
