source_dataset,source_record_id,project_no_linked,project_link_method,project_link_score,existing_db_project_match,existing_db_project_bid_nos,bid_no_source,contract_no,country_ko,is_uganda,record_title,record_scope,procurement_category,amount_currency,amount_value,amount_role,amount_boundary,area_values_m2,gross_floor_area_m2,gfa_extraction_method,raw_ceiling_per_gfa_krw,unit_cost_potential,construction_reason,construction_keywords,official_record_url
annual_procurement_plan,15085055:91,2021-00042,official_report_title_containment,0.990,1,L2023-00028-1;L2024-00050-1;L2025-00062-1,,,우간다,1,"우간다 농업지도자 연수원 자립적 운영체계 구축 및 연수역량 강화사업('21·'28/1,200만불)",우간다 농업지도자 연수원 자립적 운영체계구축 및 연수역량 강화사업 시범농장 신축 공사,공사,KRW,1573634700,planned_bid_ceiling,발주계획 입찰한도액; 계획 변경 가능,,,,,0,입찰구분=공사+시설어;강한건축어;시설어+공사어,신축;공사;연수원,https://www.data.go.kr/data/15085055/fileData.do
annual_procurement_plan,15085055:31,2022-00064,existing_db_title_containment,0.990,1,L2024-00072-1;L2025-00084-1,,,우간다,1,"우간다 마케레레대학교 ICT 교육환경 조성사업('23·'28/1,220만불)","· 토공사, 건축공사, 구조공사, 전기공사, 기계공사, 부대토목공사 등",공사,KRW,6113400000,planned_bid_ceiling,발주계획 입찰한도액; 계획 변경 가능,,,,,0,입찰구분=공사+시설어;강한건축어;시설어+공사어,건축공사;공사;구조공사;기계공사;전기공사;토목공사;대학;학교,https://www.data.go.kr/data/15085055/fileData.do
country_project_reports,15052832:654,2011-00051,source_direct,1.000,0,,,,우간다,1,우간다 과일가공공장 건립사업('11-'19/800만불)...,,,USD,8000000,whole_program_budget_from_title,사업명에 표시된 KOICA 전체 사업예산; 건축공사비 아님,,,,,0,강한건축어,건립;공장,https://www.oda.go.kr/opo/bsin/bsnsSumryDocDetail.do?P_BSNS_NO=2011-00051
country_project_reports,15052832:653,2011-00052,source_direct,1.000,0,,,,우간다,1,우간다 농업지도자연수원 건립사업('11-'17/440만불)...,,,USD,4400000,whole_program_budget_from_title,사업명에 표시된 KOICA 전체 사업예산; 건축공사비 아님,,,,,0,강한건축어,건립;연수원,https://www.oda.go.kr/opo/bsin/bsnsSumryDocDetail.do?P_BSNS_NO=2011-00052
country_project_reports,15052832:509,2015-00034,source_direct,1.000,0,,,,우간다,1,우간다 새마을운동 시범마을 건립사업('15-'18/295만불)...,,,USD,2950000,whole_program_budget_from_title,사업명에 표시된 KOICA 전체 사업예산; 건축공사비 아님,,,,,0,강한건축어,건립,https://www.oda.go.kr/opo/bsin/bsnsSumryDocDetail.do?P_BSNS_NO=2015-00034
country_project_reports,15052832:664,2011-00024,source_direct,1.000,0,,,,우간다,1,우간다 직업훈련원 건립사업('11-'18/579만불)...,,,USD,5790000,whole_program_budget_from_title,사업명에 표시된 KOICA 전체 사업예산; 건축공사비 아님,,,,,0,강한건축어,건립;훈련원,https://www.oda.go.kr/opo/bsin/bsnsSumryDocDetail.do?P_BSNS_NO=2011-00024
aid_procurement_contracts,15073135:83,2023-00098,official_report_title_containment,0.990,0,,,M2026-00184,몽골,0,몽골 자동차 검사역량 제고 및 시설 개선을 통한 교통안전 강화 사업 시스템 구축 감리 용역,첨부파일 참조,용역,WON,233459000,contract_amount,KOICA 원조조달 계약금액; 변경계약은 차수별 스냅샷,,,,,0,시설어+설계감리어,시설;감리,https://www.data.go.kr/data/15073135/fileData.do
aid_procurement_contracts,15073135:42,,,0.432,0,,,P2025-00159,우즈베키스탄,0,우즈베키스탄 유아교사 역량강화 및 유아교육진흥센터 건립사업 유아체험관 체험시설 설계 및 제작설치,"사업수행계획서, 기술협상 결과 및 제안요청서 등에 의함",용역,WON,2361000000,contract_amount,KOICA 원조조달 계약금액; 변경계약은 차수별 스냅샷,,,,,0,강한건축어;시설어+설계감리어,건립;센터;시설;설계,https://www.data.go.kr/data/15073135/fileData.do
aid_procurement_contracts,15073135:43,,,0.432,0,,,P2025-00159,우즈베키스탄,0,우즈베키스탄 유아교사 역량강화 및 유아교육진흥센터 건립사업 유아체험관 체험시설 설계 및 제작설치,"사업수행계획서, 기술협상 결과 및 제안요청서 등에 의함",용역,WON,2361000000,contract_amount,KOICA 원조조달 계약금액; 변경계약은 차수별 스냅샷,,,,,0,강한건축어;시설어+설계감리어,건립;센터;시설;설계,https://www.data.go.kr/data/15073135/fileData.do
annual_procurement_plan,15085055:80,2024-00089,official_report_title_containment,0.990,0,,,,DR콩고,0,DR콩고 북카탕가주 감염병 감시 역량 강화사업('24·'27/600만불),"ㅇ 주립실험실 정도관리 SOP 개발 ㅇ 역량강화 (초청연수, 현지연수 등)ㅇ 주립실험실 기자재 선정 지원ㅇ 일반후송병원 실험실 신, 증축 위한 건축 계획 수립 및 PC 모니터링ㅇ사업관리(성과, 모니터링, 산출물 품질관리)ㅇ예비비 등",용역,KRW,4469103960,planned_bid_ceiling,발주계획 입찰한도액; 계획 변경 가능,,,,,0,강한건축어,증축;병원;실험실,https://www.data.go.kr/data/15085055/fileData.do
annual_procurement_plan,15085055:153,2021-00016,official_report_title_containment,0.990,1,L2025-00018-1;L2025-00048-1;L2025-00063-1,,,가나,0,가나대학교 연구 및 ICT 혁신센터 건립 사업('21·'26/900만불),"가나대학교 한·가나 연구 및 ICT 혁신센터(G·K Impact 센터) 신축, 연면적 약 2,600 ㎡",공사,KRW,5382000000,planned_bid_ceiling,발주계획 입찰한도액; 계획 변경 가능,2600,2600,explicit_gross_floor_area,2070000,1,입찰구분=공사+시설어;강한건축어,건립;신축;대학;센터;학교,https://www.data.go.kr/data/15085055/fileData.do
annual_procurement_plan,15085055:263,2021-00016,official_report_title_containment,0.990,1,L2025-00018-1;L2025-00048-1;L2025-00063-1,,,가나,0,가나대학교 연구 및 ICT 혁신센터 건립 사업(21·26/900만불) 건축 감리 용역,G·K Impact 센터 건축 감리,용역,KRW,285977400,planned_bid_ceiling,발주계획 입찰한도액; 계획 변경 가능,,,,,0,강한건축어;시설어+설계감리어,건립;대학;센터;학교;감리,https://www.data.go.kr/data/15085055/fileData.do
annual_procurement_plan,15085055:238,,,0.792,0,,,,과테말라,0,과테말라 경찰 치안역량 강화를 위한 경찰고등교육원 개선 사업('24·'29/800만불),"ㅇ 사업내용 : △ 경찰 고등교육 전문인력 역량강화, △ 경찰고등교육원 신축 및 교육 기자재 지원, △경찰 고등교육 인식개선 및 성과홍보ㅇ 과업범위 : 프로젝트 사업 전반 관리 및 성과관리, PC 발주 지원 및 관리 등",용역,KRW,2623272769,planned_bid_ceiling,발주계획 입찰한도액; 계획 변경 가능,,,,,0,강한건축어,신축;교육원,https://www.data.go.kr/data/15085055/fileData.do
annual_procurement_plan,15085055:209,,,0.412,0,,,,네팔,0,네팔 간다키 지역 기술교육학교 건립사업(2024·2030/900만불) 사업수행용역자(PMC) 선정을 위한 입찰,"ㅇ Gandaki Institute of Technology(이하 GIT) 교육과정 및 교재개발  ㅇ 관리자 및 교사 역량강화를 위한 초청연수, 현지연수, 역량강화 자문  ㅇ 기술교육학교 운영 위한 마스터플랜 수립 및 시범운영  ㅇ 실습환경 구축지원/기자재    · 기자재 구성 검토, 가격조사 및 세부사양서 작성    · 기자재 공급업체 발주를 위한 입찰제안 요청서 등 관련 문서 작성 지원     · 기자재 국내검수 및/국외 검수 지원, 기자재 설치 지원    · 기자재 활용 교육 실시 및 자문  ㅇ 건축 관련 스페이스프로그램 검토 및 자문  ㅇ Project 운영위원회 구성 및 운영, 사업홍보, 성과관리 등 사업관리",용역,KRW,2888600215,planned_bid_ceiling,발주계획 입찰한도액; 계획 변경 가능,,,,,0,강한건축어,건립;학교,https://www.data.go.kr/data/15085055/fileData.do
annual_procurement_plan,15085055:144,,,0.554,0,,,,네팔,0,네팔 간다키 지역 기술교육학교 건립사업(2024·2030/900만불) 설계감리사 용역 선정을 위한 입찰,"1. 과업 : 약 8헥타르 면적의 부지에 자동차학과동/호텔관리학과동/전기학과동/기술교육학교 행정동/여학생 기숙사를 건축하기 위한 건축연면적 4,631㎡ 규모의 건축 설계, 측량/지질조사/구조/토목/전기/위생/급배수/기계/통신/소방/조경/Sinage 및 울타리 조사, 현장 상주 감리, 건축 인허가 지원 2. 결과물: 측량 및 지질조사 성과물, 도면, 시방서, BOQ, 구조계산서, 기계용량 계산서, 전기용량 계산서 등 공사에 필요한 제반도서 및 시공사 선정을 위한 입찰 관련 서류 등",용역,KRW,327060000,planned_bid_ceiling,발주계획 입찰한도액; 계획 변경 가능,4631,4631,explicit_gross_floor_area,,0,강한건축어;시설어+공사어;시설어+설계감리어,건립;공사;시공;기숙사;학교;감리;설계,https://www.data.go.kr/data/15085055/fileData.do
annual_procurement_plan,15085055:103,,,0.298,0,,,,도미니카공화국,0,도미니카공화국 몬테 크리스티 직업훈련센터 (MVC) 감리사 선정,"ㅇ 건축, 인테리어, 구조, 기계, 전기, 통신, 소방, 토목, 조경, Signage, 부대시설 등 일괄공사에 대한 감리ㅇ 시청으로부터 건축허가사항 및 공사를 위한 관련 정부기관 승인 입수, 건물 준공승인 취득을 위한 관련 업무 협조ㅇ 시공단계 검측 ㅇ 시공사 제출서류 검토 및 보고  · 시공사 착공보고서, 자재선정 요청서, 공정현황 보고서, 설계변경 보고서  · 설계도서 오류, 누락, 하자 등에 대한 보고서  · 현장시공 상세도(Shop Drawings)   · 공사와 관련한 기성 및 각종 제반 안전관리 및 사용내역 등ㅇ 예비/준공 검사 실시 및 준공서류 검토   · As·Built Drawing 및 Operation  Maintenance Manual 등ㅇ 준공 후 하자현황 및 하자처리 현황 점검 및 보고",용역,KRW,130934400,planned_bid_ceiling,발주계획 입찰한도액; 계획 변경 가능,,,,,0,시설어+공사어;시설어+설계감리어,공사;시공;건물;센터;시설;감리;설계,https://www.data.go.kr/data/15085055/fileData.do
annual_procurement_plan,15085055:325,,,0.405,0,,,,도미니카공화국,0,도미니카공화국 여성 중심 취약계층 사회.경제적 역량강화사업 몬테 크리스티 직업훈련센터 (MVC) 시공사 선정 현지입찰,"몬테크리스티 직업훈련센터 공사(건축, 인테리어, 구조, 기계, 전기, 통신, 소방, 토목, 조경, Signage, 부대시설 등 일괄 시공)",공사,KRW,1543100000,planned_bid_ceiling,발주계획 입찰한도액; 계획 변경 가능,,,,,0,입찰구분=공사+시설어;시설어+공사어,공사;시공;센터;시설,https://www.data.go.kr/data/15085055/fileData.do
annual_procurement_plan,15085055:186,,,0.385,0,,,,도미니카공화국,0,도미니카공화국 여성 중심 취약계층 사회.경제적 역량강화사업(20·26/550만불) 2차 PMC 용역,"ㅇ CSC(직업훈련센터) 건축 설계 및 시공·기자재 조달 지원    ㅇ 취창업 프로그램 운영 지원 및 수원기관 운영 사항 모니터링    ㅇ 성평등 강화 네트워크 활동 운영    ㅇ 사업관리(성과, 모니터링, 홍보)",용역,KRW,1949677819,planned_bid_ceiling,발주계획 입찰한도액; 계획 변경 가능,,,,,0,시설어+공사어;시설어+설계감리어,시공;센터;설계,https://www.data.go.kr/data/15085055/fileData.do
annual_procurement_plan,15085055:170,,,0.308,0,,,,도미니카공화국,0,도미니카공화국 여성 중심 취약계층 사회.경제적 역량강화사업(20·26/550만불) 몬테크리스티 직업훈련센터(MVC) 감리사 선정,"ㅇ 건축, 인테리어, 구조, 기계, 전기, 통신, 소방, 토목, 조경, Signage, 부대시설 등 일괄공사에 대한 감리ㅇ 시청으로부터 건축허가사항 및 공사를 위한 관련 정부기관 승인 입수, 건물 준공승인 취득을 위한 관련 업무 협조ㅇ 시공단계 검측 ㅇ 시공사 제출서류 검토 및 보고ㅇ 예비/준공 검사 실시 및 준공서류 검토 ㅇ 준공 후 하자현황 및 하자처리 현황 점검 및 보고",용역,KRW,114678000,planned_bid_ceiling,발주계획 입찰한도액; 계획 변경 가능,,,,,0,시설어+공사어;시설어+설계감리어,공사;시공;건물;센터;시설;감리,https://www.data.go.kr/data/15085055/fileData.do
annual_procurement_plan,15085055:156,,,0.368,0,,,,도미니카공화국,0,도미니카공화국 여성 중심 취약계층 사회.경제적 역량강화사업(20·26/550만불) 하이나 직업훈련센터 리모델링 설계 용역,"리모델링 건축설계, 관련 인허가 업무, 공사기간 중 설계 자문",용역,KRW,123906060,planned_bid_ceiling,발주계획 입찰한도액; 계획 변경 가능,,,,,0,강한건축어;시설어+공사어;시설어+설계감리어,리모델링;공사;센터;설계,https://www.data.go.kr/data/15085055/fileData.do
annual_procurement_plan,15085055:218,2016-00024,official_report_title_containment,0.990,0,,,,동티모르,0,동티모르 베코라 기술고등학교 지원사업 사후지원 사업수행용역(PMC) 수행자 선정 입찰,"ㅇ (학교운영관리 자문)    · 학교운영관리 매뉴얼 개발 및 자문    · 기자재 관리 매뉴얼 개발 및 자문    · 취업관리 매뉴얼개발 및 자문  ㅇ (관리자 및 교사 역량강화)    · 교육부 공무원 및 학교관리자 초청연수    · 학교 3개 공과 훈련교사 초청연수    · 3개 공과 기자재 활용 교육 및 관리방법 자문  ㅇ (실습환경 구축지원/기자재 지원)     · 3개 공과 기존 고장 기자재 수리 및 응급조치 전수     · 지원 기자재 공급 업체 발주를 위한 입찰 제안 요청서 등 관련 문서 작성 지원     · 지원 기자재 국내검수 및 국외 검수 지원, 기자재 설치 지원    · 지원 기자재 활용 교육 실시 및 자문  ㅇ (실습환경 구축지원/시설보수)     · 식당 건물 전기공사 보수    · 기계과 CNC살 칸막이 및 에어컨 설치    · 건축과 실습실 지붕 보수   ㅇ (사업관리)     · 사후지원사업 관계자 회의 참석 등을 통한 사업관리    · 각종 홍보물 (리플렛, SNS게시물 등)제작을 통한 사업홍보    · 현장 모니터링 실시 (반기/연차 보고서 제출)",용역,KRW,1011468240,planned_bid_ceiling,발주계획 입찰한도액; 계획 변경 가능,,,,,0,시설어+공사어,공사;전기공사;건물;시설;학교,https://www.data.go.kr/data/15085055/fileData.do
annual_procurement_plan,15085055:331,2013-00029,official_report_title_containment,0.990,0,,,,모잠비크,0,모잠비크 마톨라 산업학교 역량강화사업 사후지원 보수 공사,"교실 복도 전선 및 전등 수리, 공과 실습실 시건장치 설치, 공과 실습재료 보관실 보안창 설치, 공과 실습실 등 유리창 보수, 정문 경비실 리모델링, 공과 실습실 지붕 수리, 화장실 시설 수리, 변압기 시설 단열 지붕 설치, 급수탱크 펜스 설치, 급수 시스템, 외벽 페인팅, 행정실 벽 수리",공사,KRW,338961479,planned_bid_ceiling,발주계획 입찰한도액; 계획 변경 가능,,,,,0,입찰구분=공사+시설어;강한건축어;시설어+공사어,리모델링;공사;시설;학교,https://www.data.go.kr/data/15085055/fileData.do
annual_procurement_plan,15085055:277,,,0.578,0,,,,모잠비크,0,모잠비크 마푸투 주 초중통합학교 건립 및 역량강화 사업 PMC 용역,· 초중통합학교 신축 및 증축 지원  · 초중통합학교 교사 역량강화  · 초중통합학교 운영체계 개선  · 보건위생 교육 및 인식제고 캠페인  · 사업관리 및 성과관리,용역,KRW,5649294815,planned_bid_ceiling,발주계획 입찰한도액; 계획 변경 가능,,,,,0,강한건축어,건립;신축;증축;학교,https://www.data.go.kr/data/15085055/fileData.do
annual_procurement_plan,15085055:284,2023-00098,official_report_title_containment,0.990,0,,,,몽골,0,몽골 자동차 검사역량 제고 및 시설 개선을 통한 교통안전 강화 사업 시스템 구축 감리 용역,· 자동차 관리시스템 등 구축 감리,용역,KRW,256364652,planned_bid_ceiling,발주계획 입찰한도액; 계획 변경 가능,,,,,0,시설어+설계감리어,시설;감리,https://www.data.go.kr/data/15085055/fileData.do
annual_procurement_plan,15085055:76,2023-00098,official_report_title_containment,0.990,0,,,,몽골,0,"몽골 자동차 검사역량 제고 및 시설 개선을 통한 교통안전 강화 사업('23·'27/1,300만불)",몽골 자동차 검사역량 제고 및 시설 개선을 통한 교통안전 강화 사업 검사소 시설개선 시공 용역,공사,KRW,590000000,planned_bid_ceiling,발주계획 입찰한도액; 계획 변경 가능,,,,,0,입찰구분=공사+시설어;시설어+공사어,시공;시설,https://www.data.go.kr/data/15085055/fileData.do
annual_procurement_plan,15085055:168,,,0.414,0,,,,방글라데시,0,"방글라데시 선진시장형 기술인력 양성을 위한 차토그램 한방직업훈련원 직업훈련체계 현대화('24·'27/1,000만불)",ㅇ 설계 계획안ㅇ 기본설계 및 실시설계ㅇ 시공 입찰지원ㅇ 시공감리,용역,KRW,618030400,planned_bid_ceiling,발주계획 입찰한도액; 계획 변경 가능,,,,,0,시설어+공사어;시설어+설계감리어,시공;시설;훈련원;감리;기본설계;설계;실시설계,https://www.data.go.kr/data/15085055/fileData.do
annual_procurement_plan,15085055:289,,,0.366,0,,,,베트남,0,"베트남 메콩유역 롱안성 생활폐기물 분리배출 및 자원순환 촉진 사업('24·'28/1,083만불) 감리 용역",시설 전체 건축/토목 시공 현지 감리,용역,KRW,33116850,planned_bid_ceiling,발주계획 입찰한도액; 계획 변경 가능,,,,,0,시설어+공사어;시설어+설계감리어,시공;시설;감리,https://www.data.go.kr/data/15085055/fileData.do
annual_procurement_plan,15085055:291,,,0.342,0,,,,베트남,0,"베트남 메콩유역 롱안성 생활폐기물 분리배출 및 자원순환 촉진 사업('24·'28/1,083만불) 건축 및 토목 시공 용역","퇴비화시설, 재활용 선별시설 설치, 관리동 등 시설 전체 건축물 및 폐수처리장, 야적장 등 건축 및 토목 시공",공사,KRW,1914015100,planned_bid_ceiling,발주계획 입찰한도액; 계획 변경 가능,,,,,0,입찰구분=공사+시설어;시설어+공사어,시공;시설,https://www.data.go.kr/data/15085055/fileData.do
annual_procurement_plan,15085055:290,,,0.366,0,,,,베트남,0,"베트남 메콩유역 롱안성 생활폐기물 분리배출 및 자원순환 촉진 사업('24·'28/1,083만불) 시공 용역","퇴비화시설, 재활용 선별시설 설치를 위한 설계 및 기자재 제작 및 시공, 운영매뉴얼 작성 및 운영자 교육 실시",용역,KRW,6407261416,planned_bid_ceiling,발주계획 입찰한도액; 계획 변경 가능,,,,,0,시설어+공사어;시설어+설계감리어,시공;시설;설계,https://www.data.go.kr/data/15085055/fileData.do
annual_procurement_plan,15085055:150,2022-00097,official_report_title_containment,0.990,0,,,,베트남,0,베트남 한베 ICT 대학교 교육역량 강화 지원사업 스마트 캠퍼스 구축 물품(소프트웨어) 현지구매 계약,"총 9종의 소프트웨어 공급 · 가상화 소프트웨어, 백업 소프트웨어, 운영체제(OS), 동영상 편집 소프트웨어, 스마트 클래스 소프트웨어 (교수자용 및 학생용), IC 칩 설계 소프트웨어 포함 총 9종",물품,KRW,498235600,planned_bid_ceiling,발주계획 입찰한도액; 계획 변경 가능,,,,,0,시설어+설계감리어,대학;학교;설계,https://www.data.go.kr/data/15085055/fileData.do
annual_procurement_plan,15085055:193,,,0.609,0,,,,베트남,0,베트남 후에시 문화관광 스마트시티 조성 지원사업의 다비엔섬 스마트 복합문화공간 및 보행교량 건축시공,"다비엔섬 복합문화공간 시공(취수장시설의 리모델링을 통해 조성되는 복합문화공간, 다비엔섬과 향강 남측 연안을 연결하는 보행전용교량 1개소)· 복합문화공간 외부 사이니지 포함",공사,KRW,9455900000,planned_bid_ceiling,발주계획 입찰한도액; 계획 변경 가능,,,,,0,입찰구분=공사+시설어;강한건축어;시설어+공사어,리모델링;시공;시설,https://www.data.go.kr/data/15085055/fileData.do
annual_procurement_plan,15085055:261,,,0.393,0,,,,볼리비아,0,볼리비아 감자생산 선진화를 위한 스마트팜 적용 시범사업 현지 설계사,"ㅇ 추키사카 주 : 추키사카 씨감자 교육 및 훈련센터, 조직배양연구소, 저온저장고, 부대시설(경비실, 팬스 등)ㅇ 코차밤바 주 : 교육관",용역,KRW,120336000,planned_bid_ceiling,발주계획 입찰한도액; 계획 변경 가능,,,,,0,시설어+설계감리어,센터;시설;연구소;설계,https://www.data.go.kr/data/15085055/fileData.do
annual_procurement_plan,15085055:159,2013-00064,existing_db_title_containment,0.990,1,L2021-00005-1;L2023-00012-1;L2023-00015-1;L2023-00031-1;L2023-00031-2;L2025-00012-1;L2025-00012-2,,,볼리비아,0,볼리비아 고원 지역 농업 기계화 및 농민역량 강화를 통한 생산성 증대 사업 퀴노아 연구센터 차칼라 건립 공사 시공사 선정 현지 입찰,"1) 경계 및 지형측량, 지반조사2) 건설에 필요한 건축, 인테리어, 구조, 기계, 전기, Signage, 부대 시설 등 일괄 시설 공사 시공3) 기반 시설 연결 공사",공사,KRW,136556520,planned_bid_ceiling,발주계획 입찰한도액; 계획 변경 가능,,,,,0,입찰구분=공사+시설어;강한건축어;시설어+공사어,건립;공사;시공;센터;시설;연구센터,https://www.data.go.kr/data/15085055/fileData.do
annual_procurement_plan,15085055:107,2022-00038,existing_db_title_containment,0.990,1,L2023-00070-1;L2023-00070-2;L2025-00029-1;L2025-00030-1,,,볼리비아,0,볼리비아 라파스주 임상병리검사실체계 강화사업 감염의학연구소 구축 감리사 선정,"ㅇ KOICA 볼리비아사무소에서 제공하는 입찰서류 및 설계도서에 따른 건축, 토목, 설비, 전기, 통신, 조경, 부대 시설 등 일괄공사에 대한 감리ㅇ 시청으로부터 건축 허가 사항 및 공사를 위한 관련 정부 기관 승인 입수, 건물 준공 승인 취득을 위한 관련 업무 협조ㅇ 시공 단계 검측 ㅇ 시공사 제출 서류 검토 및 보고  · 시공사 착공보고서, 자재 선정 요청서, 공정 현황 보고서  · 설계도서 오류, 누락, 하자 등에 대한 보고서  · 현장 시공 상세도(Shop Drawings)   · 공사와 관련한 기성 및 각종 제반 안전관리 및 사용 내역 등ㅇ 예비/준공 검사 실시 및 준공 서류 검토   · As·Built Drawing 및 Operation  Maintenance Manual 등ㅇ 준공 후 하자 현황 및 하자처리 현황 점검 및 보고",용역,KRW,233576040,planned_bid_ceiling,발주계획 입찰한도액; 계획 변경 가능,,,,,0,시설어+공사어;시설어+설계감리어,공사;시공;건물;시설;연구소;감리;설계,https://www.data.go.kr/data/15085055/fileData.do
annual_procurement_plan,15085055:132,2023-00004,existing_db_title_fuzzy,0.941,1,L2025-00078-1,,,볼리비아,0,볼리비아 엘알또시 모성보건센터 신축/보수공사 설계사 선정,"볼리비아 엘알또 시 한국 네트워크 및 lotes y servicios 네트워크 내 2개 보건소 신축 및 증축(Villa Adela · 신축, Lotes y Servicios · 증축) 및 3개 보건소 보수공사 설계· 신축공사(1개소) : Villa Adela  • 대지면적 : 1,799.45㎡, 연면적 1,000㎡· 증축 공사(1개소) : Lotes y Servicios  • 대지면적 : 290㎡, 연면적 : 380㎡· 리모델링 공사(3개소) :   • Villa Avaroa : 모자병동 난방 설비공사(가스)   • 3 de Mayo : 모자병동 난방 설비공사(가스)   • 1ro de Mayo : 모자병동 창호공사 ㅇ 용도: 의료시설·모자보건센터(Medical Facility·Maternal Helthcare Center)ㅇ 과업 범위 : 지질조사, 지형조사, 건축설계, 인허가 지원 및 공사 기간 중 자문",용역,KRW,271170000,planned_bid_ceiling,발주계획 입찰한도액; 계획 변경 가능,1799.45;1000;290;380,,multiple_explicit_gross_floor_areas,,0,강한건축어;시설어+공사어;시설어+설계감리어,리모델링;보수공사;신축;증축;공사;보건소;센터;시설;설계,https://www.data.go.kr/data/15085055/fileData.do
annual_procurement_plan,15085055:129,,,0.407,0,,,,볼리비아,0,볼리비아 오루로 주 응급의료통제센터 설립 및 강화 사업('24·'28/650만불) 설계 용역,오루로 주 한국병원 블록 내 응급의료통제센터 설계,용역,KRW,201448000,planned_bid_ceiling,발주계획 입찰한도액; 계획 변경 가능,,,,,0,시설어+설계감리어,병원;센터;설계,https://www.data.go.kr/data/15085055/fileData.do
annual_procurement_plan,15085055:130,,,0.840,0,,,,볼리비아,0,볼리비아 추키사카주 과학수사기관 신축공사 설계사 입찰,추키사카 IDIF 과학수사기관 건축설계,용역,KRW,39978420,planned_bid_ceiling,발주계획 입찰한도액; 계획 변경 가능,,,,,0,강한건축어,신축;공사;설계,https://www.data.go.kr/data/15085055/fileData.do
annual_procurement_plan,15085055:248,2022-00003,official_report_title_containment,0.990,1,L2025-00080-1;L2025-00106-1;L2025-00107-1,,,세네갈,0,세네갈 국가공중보건 실험실 역량강화사업('22·'26/600만불) 실험실 리모델링 시공 용역,세네갈 국가공중보건실험실 리모델링 시공,공사,KRW,1007400000,planned_bid_ceiling,발주계획 입찰한도액; 계획 변경 가능,,,,,0,입찰구분=공사+시설어;강한건축어;시설어+공사어,리모델링;시공;실험실,https://www.data.go.kr/data/15085055/fileData.do
annual_procurement_plan,15085055:16,2022-00003,official_report_title_containment,0.990,1,L2025-00080-1;L2025-00106-1;L2025-00107-1,,,세네갈,0,세네갈 국가공중보건 실험실 역량강화사업(22·26/600만불) 실험실 리모델링 시공 감리 용역,ㅇ 리모델링 시공 용역 감리,용역,KRW,27462000,planned_bid_ceiling,발주계획 입찰한도액; 계획 변경 가능,,,,,0,강한건축어;시설어+공사어;시설어+설계감리어,리모델링;시공;실험실;감리,https://www.data.go.kr/data/15085055/fileData.do
annual_procurement_plan,15085055:78,,,0.812,0,,,,세네갈,0,"세네갈 남부지역 농업기술 역량강화사업('25·'29/1,000만불)",세네갈 콜다주 농업직업교육센터(CFPA) 신축,용역,KRW,552000000,planned_bid_ceiling,발주계획 입찰한도액; 계획 변경 가능,,,,,0,강한건축어,신축;센터,https://www.data.go.kr/data/15085055/fileData.do
annual_procurement_plan,15085055:152,2020-00048,official_report_title_containment,0.990,1,L2024-00062-1;L2024-00062-2;L2024-00062-3;L2025-00021-1,,,세네갈,0,"세네갈 미곡가치사슬 강화 2차 사업('20·'26/1,100만불)","ㅇ KOICA 세네갈 사무소에서 제공하는 입찰서류 및 설계도서에 따른 건축, 토목, 설비, 전기, 통신, 부대시설 등 일괄공사에 대한 감리ㅇ 건축 허가 및 공사 관련 대관 협의 및 준공 승인을 위한 업무 협조ㅇ 시공 단계 검측 ㅇ 시공사 제출서류 검토 및 보고  · 시공사 착공보고서, 자재선정 요청서, 공정현황 보고서  · 설계도서 오류, 누락, 하자 등에 대한 보고서  · 현장시공 상세도(Shop Drawings)   · 공사와 관련한 기성 및 각종 제반 안전관리 및 사용내역 등ㅇ 예비/준공 검사 실시 및 준공서류 검토   · As·Built Drawing 및 Operation & Maintenance Manual 등ㅇ 준공 후 하자현황 및 하자처리 현황 점검 및 보고",용역,KRW,138000000,planned_bid_ceiling,발주계획 입찰한도액; 계획 변경 가능,,,,,0,시설어+공사어;시설어+설계감리어,공사;시공;시설;감리;설계,https://www.data.go.kr/data/15085055/fileData.do
annual_procurement_plan,15085055:95,,,0.990,0,,,,세네갈,0,세네갈 중부지역 모자보건체계 강화사업 2단계(24·28/1250만불) 보건소 설계 용역,세네갈 중부지역 신축 보건소 설계(지질조사 포함),용역,KRW,368413500,planned_bid_ceiling,발주계획 입찰한도액; 계획 변경 가능,,,,,0,강한건축어;시설어+설계감리어,신축;보건소;설계,https://www.data.go.kr/data/15085055/fileData.do
annual_procurement_plan,15085055:79,2023-00061,official_report_title_containment,0.990,1,L2025-00077-1,,,세네갈,0,"세네갈 콜다 주 통합적 접근을 통한 미곡가치사슬 강화사업('23·'28/1,450만불)",세네갈 콜다주 관개 개보수 및 농업/보건 시설 설계감리 통합발주,용역,KRW,238825560,planned_bid_ceiling,발주계획 입찰한도액; 계획 변경 가능,,,,,0,시설어+설계감리어,시설;감리;설계,https://www.data.go.kr/data/15085055/fileData.do
annual_procurement_plan,15085055:194,2016-00062,official_report_title_containment,0.990,0,,,,솔로몬군도,0,솔로몬군도 국립대학교 수산인력양성 지원사업(‘14·’18/500만불),학교 시설 개보수,공사,KRW,100726847,planned_bid_ceiling,발주계획 입찰한도액; 계획 변경 가능,,,,,0,입찰구분=공사+시설어,대학;시설;학교,https://www.data.go.kr/data/15085055/fileData.do
annual_procurement_plan,15085055:1,2025-00099,existing_db_title_containment,0.990,1,L2025-00108-1,,,알제리,0,알제리 경찰청 과학수사역량강화사업 과학실험실 실시설계 감리 용역,경찰청 과학수사국 건물 내 실험실 리노베이션 실시설계 면적 약 900m2,용역,KRW,35000000,planned_bid_ceiling,발주계획 입찰한도액; 계획 변경 가능,900,900,single_unlabelled_area,,0,강한건축어;시설어+설계감리어,리노베이션;건물;시설;실험실;감리;설계;실시설계,https://www.data.go.kr/data/15085055/fileData.do
annual_procurement_plan,15085055:350,2022-00039,official_report_title_containment,0.990,0,,,,에콰도르,0,에콰도르 생물다양성 보전과 지속가능한 이용을 위한 국가 유전자원 데이터 은행 설립사업('22·'28/900만불) 리모델링 시공 감리 용역,리오꼬까 사무소 리모델링 시공 감리,용역,KRW,16950000,planned_bid_ceiling,발주계획 입찰한도액; 계획 변경 가능,,,,,0,강한건축어,리모델링;시공;감리,https://www.data.go.kr/data/15085055/fileData.do
annual_procurement_plan,15085055:351,2022-00039,official_report_title_containment,0.990,0,,,,에콰도르,0,에콰도르 생물다양성 보전과 지속가능한 이용을 위한 국가 유전자원 데이터 은행 설립사업('22·'28/900만불) 리모델링 시공 용역,리오꼬까 사무소 리모델링 시공 용역,공사,KRW,320097360,planned_bid_ceiling,발주계획 입찰한도액; 계획 변경 가능,,,,,0,강한건축어,리모델링;시공,https://www.data.go.kr/data/15085055/fileData.do
annual_procurement_plan,15085055:224,2022-00040,existing_db_title_containment,0.990,1,L2025-00064-1,,,에콰도르,0,에콰도르 쿠엔카시 순환경제를 위한 폐기물 통합 관리 및 자원순환 역량강화사업 피차카이 자원집적단지 3개시설 설계,"피차카이 자원집적단지 : 자원선별시설, 퇴비화 시설, 산업 폐기물 공동처리시설 설계",용역,KRW,249599891,planned_bid_ceiling,발주계획 입찰한도액; 계획 변경 가능,,,,,0,시설어+설계감리어,시설;설계,https://www.data.go.kr/data/15085055/fileData.do
annual_procurement_plan,15085055:73,,,0.458,0,,,,에티오피아,0,"에티오피아 낙농가치사슬 및 이해관계자 역량강화를 통한 유제품 품질 개선사업('23·'28/1,000만불)",수원기관(LDI) 리모델링을 위한 인테리어·구조·설비 등 종합 설계 및 시공용역 입찰 지원 업무,용역,KRW,7452483,planned_bid_ceiling,발주계획 입찰한도액; 계획 변경 가능,,,,,0,강한건축어,리모델링;시공;설계,https://www.data.go.kr/data/15085055/fileData.do
annual_procurement_plan,15085055:247,,,0.593,0,,,,엘살바도르,0,엘살바도르 산살바도르 도시교통 마스터플랜 수립 및 버스관리정보시스템 구축사업(시범시스템) 시스템개발 PC용역,버스관리정보 시범시스템 실시설계 및 구축,용역,KRW,2841585625,planned_bid_ceiling,발주계획 입찰한도액; 계획 변경 가능,,,,,0,시설어+설계감리어,시설;설계;실시설계,https://www.data.go.kr/data/15085055/fileData.do
annual_procurement_plan,15085055:363,2021-00085,existing_db_title_containment,0.990,1,L2023-00065-1,,,우즈베키스탄,0,우즈베키스탄 교수학습개발복합센터 건립을 통한 유아교사 역량강화사업 전시 계획 및 설치용역,유아체험관 전시 설계 및 설치,용역,KRW,940000000,planned_bid_ceiling,발주계획 입찰한도액; 계획 변경 가능,,,,,0,강한건축어;시설어+설계감리어,건립;센터;설계,https://www.data.go.kr/data/15085055/fileData.do
annual_procurement_plan,15085055:279,,,0.350,0,,,,우즈베키스탄,0,우즈베키스탄 세계경제외교대학(UWED) 사이버대학 설립을 위한 온라인교육 제도 구축 및 환경 조성 사업(25·29/690만불) PMC 용역,"ㅇ 이러닝 마스터플랜 수립   ㅇ 이러닝 학사운영 규정 수립   ㅇ 이러닝 학과 운영방안 수립   ㅇ 이러닝 콘텐츠 개발   ㅇ 리모델링(6개) 공간에 대한 스페이스 프로그램 도출   ㅇ PC(기자재, 설계시공, 감리) 입찰 지원(입찰서류 작성 등) 및 검수   ㅇ 교수진/교직원 역량강화(초청연수, 현지연수)   ㅇ 이러닝 플랫폼(LMS, EMIS) 개발을 위한 BPR/ISP   ㅇ 이러닝 플랫폼(LMS, EMIS) 개발   ㅇ 사업관리(성과, 모니터링, 홍보)",용역,KRW,5520819038,planned_bid_ceiling,발주계획 입찰한도액; 계획 변경 가능,,,,,0,강한건축어;시설어+공사어;시설어+설계감리어,리모델링;시공;대학;감리;설계,https://www.data.go.kr/data/15085055/fileData.do
annual_procurement_plan,15085055:180,2020-00086,official_report_title_containment,0.990,1,L2022-00003-1;L2023-00007-1;L2023-00036-1;L2023-00053-1,,,우즈베키스탄,0,"우즈베키스탄 우르겐치 직업훈련원 건립 및 직업훈련 제도역량 공고화 지원 사업(20·25/1,400만불) 가구 공급 및 설치",우르겐치 직업훈련원과 타슈켄트 교사연수센터 가구  제조/공급/설치,물품,KRW,371945490,planned_bid_ceiling,발주계획 입찰한도액; 계획 변경 가능,,,,,0,강한건축어,건립;센터;훈련원,https://www.data.go.kr/data/15085055/fileData.do
annual_procurement_plan,15085055:179,2020-00086,official_report_title_containment,0.990,1,L2022-00003-1;L2023-00007-1;L2023-00036-1;L2023-00053-1,,,우즈베키스탄,0,"우즈베키스탄 우르겐치 직업훈련원 건립 및 직업훈련 제도역량 공고화 지원 사업(20·25/1,400만불) 기자재 공급 및 설치",우르겐치 소재 직업훈련원 및 타슈켄트 소재 교사연수센터에 직훈 기자재 제작/납품/설치,물품,KRW,2215233821,planned_bid_ceiling,발주계획 입찰한도액; 계획 변경 가능,,,,,0,강한건축어,건립;센터;훈련원,https://www.data.go.kr/data/15085055/fileData.do
annual_procurement_plan,15085055:66,,,0.553,0,,,,우즈베키스탄,0,"우즈베키스탄 유아교사 역량강화 및 유아교육진흥센터 건립사업('21·'26/1,199만불)",ㅇ 체험관 내 체험 시설 및 공용 공간 설계ㅇ 체험 시설물 제작 및 설치,공사,KRW,2434370300,planned_bid_ceiling,발주계획 입찰한도액; 계획 변경 가능,,,,,0,입찰구분=공사+시설어;강한건축어;시설어+설계감리어,건립;센터;시설;설계,https://www.data.go.kr/data/15085055/fileData.do
annual_procurement_plan,15085055:265,,,0.528,0,,,,우크라이나,0,"우크라이나 국립아동병원 오흐마디트 소아 트라우마 및 재활의료 서비스 강화 사업('25·'28/1,400만불)","ㅇ 오흐마디트 국립아동병원 분원 1층 및 3층 리모델링 관련 지원  · 건축 스페이스 프로그램 최종안 협의 및 확정  · 기자재·집기 설치 관련사항 및 인테리어 관련사항에 대한 설계단계별 기술검토 의견 제공  · CM 요청 시, 시공단계 등 설계 시 특이점이나 기자재 설치 등과 관련된 자문 제공ㅇ 소아 외상·재활환자 진단 및 치료를 위한 의료기자재 조달 관련 지원  · 소아 외상·재활환자 진단 및 치료를 위한 영상의학, 정형외과, 재활치료 의료기자재 지원 목록 검토 및 최종 확정  · 기자재 유지관리 및 우크라이나 법령 제한사항 등을 고려한 기자재 RfP 작성(RfP 내용, 병원 측과 사전합의 必)    ※ 우크라이나 현행법상 수원국 반입 가능여부 등 면밀히 확인 필요  · 기자재 조달 모니터링 및 검수ㅇ 소아 외상·재활치료 의료진 역량강화  · 소아 외상·재활환자 진단 및 치료 강화를 위한 재활치료, 영상의학, 정형외과 의료인력 현지 직무훈련  · 소아 외상·재활환자 진단 및 치료 강화를 위한 재활치료, 영상의학, 정형외과 의료인력 대상 초청연수 (한국/실무자)  · 초청연수 교육 효과성 확산을 위한 동료 간 연수결과 전파교육 현지워크샵ㅇ 소아 외상·재활 행정역량 강화  · 소아 외상·재활환자의 오흐마디트 국립아동병원 분원 이용시의 편리성 증대를 위한 병원의료행정 역량강화 초청연수(한국/고위급)  · 소아 외상·재활환자의 오흐마디트 국립아동병원 분원 이용 시의 편리성 증대를 위한 병원행정 강화 컨설팅 ㅇ 우크라이나 내 면세를 위해 수원총괄기관(내각사무처)의 사업(ITA: International Technical Assistance) 등록·재등록 ·수정 시 필요한 서류 준비 지원ㅇ 사업관리(성과관리, 모니터링, 홍보, PC 관리 등)  · 전문가 투입 관리  · 기초선/중간선/종료선 조사, 성과관리, 성과 품질관리, 모니터링 등   ※ 사업 종료 후 종료평가 협조 必  · 사업운영위원회, 사업수행위원회 등 관련 회의 준비 및 주관  · 현지인력 계약(계약 전, 현지 인건비 수준 등 KOICA 우크라이나사무소와 사전 협의 권고)  · 행정 및 회계 지원  · 사업 홍보",용역,KRW,2434103340,planned_bid_ceiling,발주계획 입찰한도액; 계획 변경 가능,,,,,0,강한건축어;시설어+공사어;시설어+설계감리어,리모델링;시공;병원;설계,https://www.data.go.kr/data/15085055/fileData.do
annual_procurement_plan,15085055:104,2023-00096,existing_db_title_containment,0.990,1,L2025-00049-1;L2025-00049-2,,,우크라이나,0,우크라이나 키이우주 재활의료 역량강화 사업('23·'27/500만불),"1) 현황 조사 및 구조안전 진단 :    ·기존 건물(#4병동)에 대한 건축구조, 및 설비 상태 등에 대한 현황 측량 조사 (지질조사 포함)   ·리모델링 범위에 대한 구조 안전 진단 및 구조보강 계획    ·리모델링 설계를 위한 기존현황의 건축, 구조 및 설비 관련 기초 설계자료 작성 등2) 재활센터 리모델링 과업을 위한 실시설계 : 건축, 구조, 토목, 전기, 위생, 급배수, 오하수처리, 기계, 통신, 소방, 조경, 내외부 싸이니지, 건물외부공간 포장 등(설계 시 SD, DD, CD 단계별 KOICA(CM,PMC포함) 및 수원국의 승인 또는 동의 필수)",용역,KRW,204506340,planned_bid_ceiling,발주계획 입찰한도액; 계획 변경 가능,,,,,0,강한건축어;시설어+설계감리어,리모델링;건물;센터;시설;설계;실시설계,https://www.data.go.kr/data/15085055/fileData.do
annual_procurement_plan,15085055:267,2023-00096,existing_db_title_containment,0.990,1,L2025-00049-1;L2025-00049-2,,,우크라이나,0,우크라이나 키이우주 재활의료 역량강화 사업('23·'27/500만불) 설계 용역,키이우주 재활병원(수원기관) 사업대상 병동 리모델링 설계 용역,용역,KRW,1,planned_bid_ceiling,발주계획 입찰한도액; 계획 변경 가능,,,,,0,강한건축어;시설어+설계감리어,리모델링;병원;설계,https://www.data.go.kr/data/15085055/fileData.do
annual_procurement_plan,15085055:105,2023-00087,official_report_title_containment,0.990,1,L2025-00017-1;L2025-00017-2;L2025-00045-1;L2025-00045-2,,,이라크,0,"이라크 쿠르드 지역학교 내 난민통합교육 강화사업 (23·28/1,200만불) 설계","1) 부지 조사 및 설계과업2) 측량 및 조사성과물, 도면, 시방서, 수량내역서, 구조계산서, 기계용량계산서, 전기용량계산서, 보고서 등 현지 인허가기관 및 발주처가 승인한 최종납품도서와 공사에 필요한 제반도서 및 시공사 선정을 위한 입찰관련 서류 제출3) 시공사 선정 입찰기간에 발주처 요청시 업무 지원 (계약체결용 상세산출내역서의 검토 포함)4) 시공감리업무 일체: 2개 현장에 대한 시공기간 동안의 기술 시공 감리 및 설계변경(필요시)과업 등 5) 건축인허가 취득 6) 관련 행정업무 협조",용역,KRW,567180000,planned_bid_ceiling,발주계획 입찰한도액; 계획 변경 가능,,,,,0,시설어+공사어;시설어+설계감리어,공사;시공;학교;감리;설계,https://www.data.go.kr/data/15085055/fileData.do
annual_procurement_plan,15085055:114,2020-00119,official_report_title_containment,0.990,1,L2025-00070-1;L2025-00071-1;L2025-00085-1,,,이라크,0,"이라크 한·이라크 심장병 어린이 전문 병원 건립사업('20·'30/2,793만불)","심장병 어린이 전문병원 건립 4층, 5,486㎡",공사,KRW,17940000000,planned_bid_ceiling,발주계획 입찰한도액; 계획 변경 가능,5486,5486,single_unlabelled_area,3270142,1,입찰구분=공사+시설어;강한건축어,건립;병원,https://www.data.go.kr/data/15085055/fileData.do
annual_procurement_plan,15085055:185,2021-00009,existing_db_title_containment,0.990,1,L2024-00063-1;L2025-00004-1,,,인도네시아,0,인도네시아 국립대학교 ICT기반 통합지식교육센터 구축 사업(21·26/985만불) 시공 용역,"· 용도 : 교육시설· 대지면적 : 4,517m2· 건축면적 : 1,003m2· 연면적 : 7,687m2· 규모 : 지하1층, 지상8층, 1개동· 구조 : RC구조· 공사기간 : 착공일로부터 15개월",공사,KRW,6776000000,planned_bid_ceiling,발주계획 입찰한도액; 계획 변경 가능,4517;1003;7687,7687,explicit_gross_floor_area,881488,1,입찰구분=공사+시설어;시설어+공사어,공사;시공;대학;센터;시설;학교,https://www.data.go.kr/data/15085055/fileData.do
annual_procurement_plan,15085055:40,2021-00156,existing_db_title_containment,0.990,1,L2024-00052-1;L2025-00079-1,,,인도네시아,0,"인도네시아 보고르대학교 농업생명과학연구센터 역량강화 사업(21·28/1,100만불)","· 용도 : 연구시설· 연면적 : 2,281.2m2· 규모 : 지상3층 본건물 1개동, 지상1층 부속동 2개동 · 공사내용 :   1) 구조물, 건축,인테리어, 전기, 설비, 소방, 통신, 조경공사  2) 상수도, 하수도, 전기, 전화, 인터넷 연결공사 등 부대공사  3) 정화조 등 기타 설계 도서에 포함된 공사 일체  4) 공사 중 Shop Drawing 및 준공 후 As·Built Drawing",공사,KRW,3135564900,planned_bid_ceiling,발주계획 입찰한도액; 계획 변경 가능,2281.2,2281.2,explicit_gross_floor_area,1374524,1,입찰구분=공사+시설어;시설어+공사어;시설어+설계감리어,공사;건물;대학;센터;시설;연구센터;학교;설계,https://www.data.go.kr/data/15085055/fileData.do
annual_procurement_plan,15085055:294,2022-00079,existing_db_title_containment,0.990,1,L2023-00071-1;L2024-00053-1;L2025-00002-1,,,인도네시아,0,인도네시아 사이버보안 전문인력양성 역량강화사업('22·'27/740만불) 사이버보안 훈련센터 신축공사 시공사 선정,인도네시아 사이버보안 훈련센터 신축 시공사 선정 입찰,공사,KRW,2667930000,planned_bid_ceiling,발주계획 입찰한도액; 계획 변경 가능,,,,,0,입찰구분=공사+시설어;강한건축어;시설어+공사어,신축;공사;시공;센터,https://www.data.go.kr/data/15085055/fileData.do
annual_procurement_plan,15085055:19,2022-00084,existing_db_title_containment,0.990,1,L2025-00090-1;L2025-00090-2,,,인도네시아,0,"인도네시아 재난대응 공공의료 훈련 역량강화사업('22·'28/1,200만불)","연면적 2,400.m2 규모 지상2층 교육훈련센터 설계",용역,KRW,200100000,planned_bid_ceiling,발주계획 입찰한도액; 계획 변경 가능,,,,,0,시설어+설계감리어,센터;설계,https://www.data.go.kr/data/15085055/fileData.do
annual_procurement_plan,15085055:342,2023-00084,official_report_title_containment,0.990,0,,,,카메룬,0,"카메룬 응급의료체계 구축 사업('23·'28/1,400만불) 건축 설계 용역",카메룬 중앙 응급의료조정센터(가칭) 건축을 위한 설계 용역,용역,KRW,444115150,planned_bid_ceiling,발주계획 입찰한도액; 계획 변경 가능,,,,,0,시설어+설계감리어,센터;설계,https://www.data.go.kr/data/15085055/fileData.do
annual_procurement_plan,15085055:116,2022-00142,official_report_title_containment,0.990,1,L2024-00015-1;L2024-00015-2;L2025-00032-1;L2025-00032-2,,,카메룬,0,카메룬 전자정부 인식개선 및 역량강화 사업 신축 시공 용역,카메룬 전자정부 인식개선 및 역량강화사업(22·26/823만불) 시공 용역,공사,KRW,3312000000,planned_bid_ceiling,발주계획 입찰한도액; 계획 변경 가능,,,,,0,강한건축어,신축;시공,https://www.data.go.kr/data/15085055/fileData.do
annual_procurement_plan,15085055:357,2022-00142,official_report_title_containment,0.990,1,L2024-00015-1;L2024-00015-2;L2025-00032-1;L2025-00032-2,,,카메룬,0,카메룬 전자정부 인식개선 및 역량강화 사업('22·'26/823만불),"1) 계획안(3개 대안제시), 기본설계, 실시설계 도서 작성   ※ 현지 설계사를 선정, 기본계획부터 실시설계에 이르기까지 협업하여 프로젝트 수행계획 수립2) 현지조사 (on·site investigation)3) 지적도, 지질조사보고서, 현황측량도 및 지적 경계측량도4) 건축협의(해당국가 관련기관 협의 포함)5) PMC사 및 기자재 업체와의 협의6) 각종 인허가 지원 업무 등",용역,KRW,609574350,planned_bid_ceiling,발주계획 입찰한도액; 계획 변경 가능,,,,,0,시설어+설계감리어,시설;기본설계;설계;실시설계,https://www.data.go.kr/data/15085055/fileData.do
annual_procurement_plan,15085055:339,2022-00027,official_report_title_containment,0.990,1,L2025-00073-1,,,캄보디아,0,"캄보디아 국립소아병원 내과계 병동건립 및 의료인력 역량강화사업(22·27/1,600만불) 시공입찰","지상 5층,  연면적 약 8,880m2 병원건물 신축",공사,KRW,10800000000,planned_bid_ceiling,발주계획 입찰한도액; 계획 변경 가능,8880,8880,explicit_gross_floor_area,1216216,1,입찰구분=공사+시설어;강한건축어;시설어+공사어,건립;신축;시공;건물;병원,https://www.data.go.kr/data/15085055/fileData.do
annual_procurement_plan,15085055:178,2024-00015,official_report_title_containment,0.990,1,L2025-00036-1,,,캄보디아,0,캄보디아 당까오 후송병원 공공의료서비스 개선사업 병원설계용역,"건축 연면적 3,700m2 3개층 규모 병원 건물 설계",용역,KRW,413452000,planned_bid_ceiling,발주계획 입찰한도액; 계획 변경 가능,3700,3700,explicit_gross_floor_area,,0,시설어+설계감리어,건물;병원;설계,https://www.data.go.kr/data/15085055/fileData.do
annual_procurement_plan,15085055:71,2024-02690,official_report_title_containment,0.990,0,,,,케냐,0,"케냐 분고마 주 보편적 식수접근성 향상을 위한 상수도 구축 및 통합적 운영관리 역량강화사업(25·32/1,300만불) PMC 용역","ㅇ 사업수행총괄 · 사업수행계획 수립 · 사업 단계별 진행사항 점검(일정 관리) · 분쟁‧소송 해결 지원 및 관리 · 사업 착수보고, 종료보고, 최종보고 · 사업 홍보ㅇ현지 설계 및 시공사 선정 입찰지원 · 입찰계획 수립 · 입찰문서 및 계약서 작성 · 입찰서류 접수, 검토 및 평가 지원 · 입찰결과 보고 · 협상 및 계약지원ㅇ 분고마주 6개 sub·county 용수공급을 위한 상수도 공급시설 설계 감리 · 설계 수행계획 검토 · 현지조사, 관련 자료입수 지원 · 설계기준 등 주요 결정사항 검토 및 협의 · 기성 및 준공검사 · 착수/중간/준공보고ㅇ 분고마주 6개 sub·county 용수공급을 위한 상수도 공급시설 시공 감리 · 공사 수행계획 검토 · 현장 품질/공정/안전/환경관리 · 기성 및 준공검사 · 민원, 인허가 및 용지보상 등 수원기관 업무지원 · 착수보고, 월간공정보고, 준공보고ㅇ 기자재 지원 (수질시험장비) ㅇ 운영관리 · 시설운전 현황 및 기록 점검 · 운영관리 기술 지원 · 운영관리 매뉴얼 검토 및 보완ㅇ 상수도 운영인력 역량강화 (초청연수, 현지연수, 실무교육) · 교육훈련계획 수립 및 연수생 선발 · 초청연수/현지연수/운영자 실무교육 시행 · 교육훈련 모니터링 및 평가 · 교육훈련 시행결과 보고ㅇ 사업 성과관리 (모니터링, 평가 및 홍보) · 사업 착수/기초선조사(Base·line) · 사업 중간점검(Mid·line) · 사업 연차점검(Year·line) · 사업 종료선 조사(End·line)",용역,KRW,4611189450,planned_bid_ceiling,발주계획 입찰한도액; 계획 변경 가능,,,,,0,시설어+공사어;시설어+설계감리어,공사;시공;시설;감리;설계,https://www.data.go.kr/data/15085055/fileData.do
annual_procurement_plan,15085055:125,,,0.536,0,,,,케냐,0,케냐 청년 생산적 고용 및 소득 증대를 위한 국가산업훈련청 아띠리버 센터 역량강화사업('24·'28/700만불) PMC 용역,"ㅇ 전문가파견: 건축과 훈련과정 개발, 직업기초역량 모듈 개발, NITA 교사대상 교수법 보수교육, 경력개발유닛(CDU) 운영매뉴얼 개발 등 ㅇ 역량강화: 초청연수(총 2회: 고위급 10명, 센터관리자 및 실무급 15명) ㅇ 건축: 아띠리버 센터 건축과 스페이스 프로그램 구성 및 설계 단계 검토, 실시설계 및 시공 단계 모니터링 등 ㅇ 기자재: 아띠리버 센터 건축과 기자재(실습기자재 및 가구 등) 목록 및 세부사양서 작성, 기자재 검수 실시, 기자재 조달과정 모니터링 등  ㅇ 사업관리: 성과관리(기초선/종료선조사), 연간모니터링, 사업보고회(착수/중간/준공식/종료), 홍보 등)",용역,KRW,3215937214,planned_bid_ceiling,발주계획 입찰한도액; 계획 변경 가능,,,,,0,시설어+공사어;시설어+설계감리어,시공;센터;시설;설계;실시설계,https://www.data.go.kr/data/15085055/fileData.do
annual_procurement_plan,15085055:264,2024-00029,official_report_title_containment,0.990,1,L2025-00060-1,,,코트디부아르,0,코트디부아르 지역균형발전을 위한 중부지역 직업전문학교 역량강화사업 설계 및 감리 용역,"ㅇ LPMMS 기존건물 리모델링, LPMMS 기숙사, 교실 6실, 실습실 6실 증축(신축)을 위한 설계 * LPMMS 기숙사(200명), 강의실(6), 실습실(6) 증축 및 구내식당 및 교실 개보수ㅇ 시공단계 관리(공정, 품질, 기성, 안전, 환경등)",용역,KRW,591965400,planned_bid_ceiling,발주계획 입찰한도액; 계획 변경 가능,,,,,0,강한건축어;시설어+공사어;시설어+설계감리어,리모델링;신축;증축;시공;건물;기숙사;학교;감리;설계,https://www.data.go.kr/data/15085055/fileData.do
annual_procurement_plan,15085055:92,2024-00029,official_report_title_containment,0.990,1,L2025-00060-1,,,코트디부아르,0,"코트디부아르 지역균형발전을 위한 중부지역 직업전문학교 역량강화사업('24·'29/1,100만불)","계획안, 기본설계 및 실시설계, 공사 입찰 지원, 시공감리 · 코트디부아르 부아케의 Lycee Professionnel des Metiers de la Mode et du Social(LPMMS) 건물 리모델링 및 증축",용역,KRW,721326000,planned_bid_ceiling,발주계획 입찰한도액; 계획 변경 가능,,,,,0,강한건축어;시설어+공사어;시설어+설계감리어,리모델링;증축;공사;시공;건물;시설;학교;감리;기본설계;설계;실시설계,https://www.data.go.kr/data/15085055/fileData.do
annual_procurement_plan,15085055:337,2023-00067,official_report_title_containment,0.990,1,L2024-00048-1;L2024-00056-1;L2024-00056-2;L2025-00052-1,,,코트디부아르,0,코트디부아르 펠릭스 우푸에 부아니대학교 ICT 교육역량 강화 및 ICT 혁신센터 설립 사업('23·'27/995만불) 리모델링 시공,펠릭스 우푸에 부아니대학교 PETROCI 빌딩 리모델링,공사,KRW,2709334680,planned_bid_ceiling,발주계획 입찰한도액; 계획 변경 가능,,,,,0,입찰구분=공사+시설어;강한건축어;시설어+공사어,리모델링;시공;대학;센터;학교,https://www.data.go.kr/data/15085055/fileData.do
annual_procurement_plan,15085055:169,,,0.429,0,,,,콜롬비아,0,콜롬비아 다목적지적을 위한 공간정보 역량강화 체계 구축사업(24·26/600만불) PMC 용역,ㅇ 국가 다목적지적 역량강화 마스터플랜 수립ㅇ 다목적지적 자격체계 컨설팅ㅇ 다목적지적 분야별 교육과정 개발ㅇ 다목적지적 분야별 전문강사 양성ㅇ 초청연수ㅇ 역량강화 성과 모니터링(시범지역)ㅇ 국가 다목적지적 교육센터 구축(리모델링)ㅇ 교육용 기자재 도입 및 설치 ㅇ 사업 관리 및 성과관리,용역,KRW,4071405231,planned_bid_ceiling,발주계획 입찰한도액; 계획 변경 가능,,,,,0,강한건축어,리모델링;센터,https://www.data.go.kr/data/15085055/fileData.do
annual_procurement_plan,15085055:269,2023-00030,official_report_title_containment,0.990,1,L2024-00041-1,,,키르기스스탄,0,키르기스스탄 가축 품종개량 및 인공수정인력 역량강화사업 바이오센터 리모델링 및 연수센터 신축 기술감리,"표제사업 수원기관 바이오센터 2개실(정액체취실, 견학실) 리모델링 및 연수센터(1,852m2) 신축 기술감리 용역",용역,KRW,3096000,planned_bid_ceiling,발주계획 입찰한도액; 계획 변경 가능,1852,1852,single_unlabelled_area,,0,강한건축어;시설어+설계감리어,리모델링;신축;센터;감리,https://www.data.go.kr/data/15085055/fileData.do
annual_procurement_plan,15085055:271,2023-00030,official_report_title_containment,0.990,1,L2024-00041-1,,,키르기스스탄,0,키르기스스탄 가축 품종개량 및 인공수정인력 역량강화사업 바이오센터 리모델링 시공,"표제사업 바이오 센터 4개실(정액체취실, 정액 냉동실, 정액보관실, 견학실) 리모델링 시공",공사,KRW,86190060,planned_bid_ceiling,발주계획 입찰한도액; 계획 변경 가능,,,,,0,입찰구분=공사+시설어;강한건축어;시설어+공사어,리모델링;시공;센터,https://www.data.go.kr/data/15085055/fileData.do
annual_procurement_plan,15085055:266,2023-00030,official_report_title_containment,0.990,1,L2024-00041-1,,,키르기스스탄,0,키르기스스탄 가축 품종개량 및 인공수정인력 역량강화사업 연수센터 신축 기술감리 현지입찰,"표제사업 연수센터 신축 (1,825m2) 기술감리 용역",용역,KRW,12696000,planned_bid_ceiling,발주계획 입찰한도액; 계획 변경 가능,1825,1825,single_unlabelled_area,,0,강한건축어;시설어+설계감리어,신축;센터;감리,https://www.data.go.kr/data/15085055/fileData.do
annual_procurement_plan,15085055:268,2023-00030,official_report_title_containment,0.990,1,L2024-00041-1,,,키르기스스탄,0,키르기스스탄 가축 품종개량 및 인공수정인력 역량강화사업 연수센터 신축 현지입찰,"표세사업 연수센터(연면적 1,825m2) 신축 시공",공사,KRW,3200772000,planned_bid_ceiling,발주계획 입찰한도액; 계획 변경 가능,1825,1825,explicit_gross_floor_area,1753848,1,입찰구분=공사+시설어;강한건축어;시설어+공사어,신축;시공;센터,https://www.data.go.kr/data/15085055/fileData.do
annual_procurement_plan,15085055:61,2023-00027,official_report_title_containment,0.990,1,L2025-00003-1;L2025-00003-2;L2025-00028-1;L2025-00054-1;L2025-00058-1,,,키르기스스탄,0,키르기스스탄 국회 디지털화 사업(23·27/840만불) 시공업체(PC) 선정,"▲국회 지하 1층·지상 7층에 대한 네트워크 설치▲1층 데이터 센터에 대한 리모델링, 설비, 소방 분야 부속인입시설 공사▲공사 범위에 따른 시공상세도면(shop drawings) 일체 작성 등",용역,KRW,2210000000,planned_bid_ceiling,발주계획 입찰한도액; 계획 변경 가능,,,,,0,강한건축어;시설어+공사어,리모델링;공사;시공;센터;시설,https://www.data.go.kr/data/15085055/fileData.do
annual_procurement_plan,15085055:70,2024-00105,official_report_title_containment,0.990,1,L2025-00097-1,,,키르기스스탄,0,키르기스스탄 디지털 전환을 위한 국가 정보화 역량 강화 사업('24·'27/700만불),"1) ICT 교육센터 신축과업을 위한 부지 조사 및 설계과업2) 인테리어 설계 및 내부 집기/가구 사양 확정3) 측량 및 조사성과물, 설계도면, 시방서, 수량내역서, 구조계산서, 기계용량계산서, 전기용량계산서, 보고서 등 현지 인허가기관 및 발주처가 승인한 최종 공사용 실시설계 납품도서와 공사에 필요한 제반도서 및 시공사 선정을 위한 입찰관련 서류 제출4) 시공사 선정 입찰기간에 발주처 요청시 업무 지원5) 저작권감리업무6) 건축인허가 취득 7) 관련 행정업무 협조",용역,KRW,155068550,planned_bid_ceiling,발주계획 입찰한도액; 계획 변경 가능,,,,,0,강한건축어;시설어+공사어;시설어+설계감리어,신축;공사;시공;센터;시설;감리;설계;실시설계,https://www.data.go.kr/data/15085055/fileData.do
annual_procurement_plan,15085055:6,2019-03655,existing_db_title_fuzzy,0.904,1,L2025-00099-1,,,키르기스스탄,0,키르기스스탄 추이 주 교내 위생환경 개선사업 리모델링 시공업체 선정 현지입찰,"시공범위 : 추이 주 가브릴로브카 종합학교, 보옌노·안토노브카 종합학교 리모델링 1.화장실, 보건실, 샤워실, 교내 식당 리모델링, 난방, 환풍 및 공기조화(HVAC), 전반적인 전선 배치 포함한 시공 과정에서 필수로 수반되는 인프라 시공 2. 착공부터 준공까지의 과정에서 필요한 인허가 및 민사 소송 관련 업무 포함  3. 준공도면 및운영·유지관리 매뉴얼 작성  계약기간 : 계약체결일로부터 120일 (계약체결일로부터 14일 이내 착공)",공사,KRW,276333603,planned_bid_ceiling,발주계획 입찰한도액; 계획 변경 가능,,,,,0,입찰구분=공사+시설어;강한건축어;시설어+공사어,리모델링;시공;학교,https://www.data.go.kr/data/15085055/fileData.do
annual_procurement_plan,15085055:119,,,0.537,0,,,,키르기스스탄,0,키르기스스탄 프로젝트봉사단 추이 주 교내 위생환경 개선사업 위생 및 보건시설 개보수 현지 설계 용역,"*사업대상지 2개곳 교내 보건위생시설 개보수 관련 현지 설계 용역 1. 가브릴로브카 종합학교· 초등학생 건물 1층 학생용 남.여 화장실 각 1개 개보수 · 고등학생 건물 2층 학생용 남.여 화장실 각 1개 개보수 · 2층 급식실 배수관, 환풍기 등 개보수· 2층 보건실 개보수2. 보옌노·안토노브카 종합학교 · 초등학생 건물 1층 교사용 화장실 1개, 학생용 화장실 1개, 샤워실 2개 개보수 · 초등학생 건물 2층 남.여 화장실 각 1개, 샤워실 2개 개보수 · 고등학생 건물 1층 교사용 화장실 1개, 남.여 화장실 각 1개 · 1층 급식실 배수관, 환풍기 등 개보수· 1층 보건실 복도 및 보건실 개보수",용역,KRW,22841584,planned_bid_ceiling,발주계획 입찰한도액; 계획 변경 가능,,,,,0,시설어+설계감리어,건물;시설;학교;설계,https://www.data.go.kr/data/15085055/fileData.do
annual_procurement_plan,15085055:303,,,0.340,0,,,,타지키스탄,0,타지키스탄 섬유산업 전문기술인력 양성을 위한 섬유기술센터 설립 사업 PMC 선정,· 사업관리 총괄· 섬유기술텐터 운영계획 수립· 섬유기술센터 교육과정 개발 및 과정별 교보재 제작· 시공업체 선정 및 기자재 조달 지원· 산학협력 프로그램 운영· 인력 역량강화 등,용역,KRW,2940917093,planned_bid_ceiling,발주계획 입찰한도액; 계획 변경 가능,,,,,0,시설어+공사어,시공;센터,https://www.data.go.kr/data/15085055/fileData.do
annual_procurement_plan,15085055:346,2023-00100,official_report_title_containment,0.990,1,L2025-00006-1,,,탄자니아,0,탄자니아 도도마주 유수율 제고 시범모델 구축 및 상수도 시설 개선사업(23·26/382만불) 설계,"· 설계업무 수행 · 측량 및 토질조사 · 농촌지역의 상수도 공급시설 신설/교체 설계   (취수시설, 송·배수관로, 공동급수대 등) · 도도마시의 Pilot DMA 구축계획 및 기존 시설개량 설계 · 현지인허가 취득",용역,KRW,160150662,planned_bid_ceiling,발주계획 입찰한도액; 계획 변경 가능,,,,,0,시설어+설계감리어,시설;설계,https://www.data.go.kr/data/15085055/fileData.do
annual_procurement_plan,15085055:188,,,0.333,0,,,,탄자니아,0,"탄자니아 모로고로 주 폴리텍대학 건립 및 기술교육훈련 사업(25·30/1,950만불) PMC 용역","폴리텍대학의 설계, 시공 및 기자재 공급을 제외한 전체 과업에 대한 실행 및 관리",용역,KRW,3864000000,planned_bid_ceiling,발주계획 입찰한도액; 계획 변경 가능,,,,,0,강한건축어;시설어+공사어;시설어+설계감리어,건립;시공;대학;설계,https://www.data.go.kr/data/15085055/fileData.do
annual_procurement_plan,15085055:109,,,0.607,0,,,,탄자니아,0,"탄자니아 프와니주 농촌지역 상수도 공급시설 구축 사업('25·'29/1,100만불) 설계 용역",▪ 측량 및 토질조사▪ 상수도 공급시설 설계▪ 환경사회영향평가(ESIA),용역,KRW,730434000,planned_bid_ceiling,발주계획 입찰한도액; 계획 변경 가능,,,,,0,시설어+설계감리어,시설;설계,https://www.data.go.kr/data/15085055/fileData.do
annual_procurement_plan,15085055:226,,,0.350,0,,,,튀니지,0,"튀니지 글로벌 공공조달교육원 건립 사업(25·30/1,100만불) PMC 용역 입찰","사업관리, 조달교육 컨설팅, 조달시스템 컨설팅, 교육역량강화, 모니터링, 성과관리",용역,KRW,4563830865,planned_bid_ceiling,발주계획 입찰한도액; 계획 변경 가능,,,,,0,강한건축어,건립;교육원,https://www.data.go.kr/data/15085055/fileData.do
annual_procurement_plan,15085055:157,2013-00059,official_report_title_containment,0.990,0,,,,파키스탄,0,파키스탄 국립섬유대학 산업용 섬유센터 설립사업 2차사업('22·'28/795만불) 감리용역,표제사업 산업용 섬유센터 건축 감리용역,용역,KRW,78000000,planned_bid_ceiling,발주계획 입찰한도액; 계획 변경 가능,,,,,0,시설어+설계감리어,대학;센터;감리,https://www.data.go.kr/data/15085055/fileData.do
annual_procurement_plan,15085055:162,2013-00059,official_report_title_containment,0.990,0,,,,파키스탄,0,파키스탄 국립섬유대학 산업용 섬유센터 설립사업 2차사업(22·28/795만불) 감리용역,표제사업 섬유센터 건축 감리용역,용역,KRW,78000000,planned_bid_ceiling,발주계획 입찰한도액; 계획 변경 가능,,,,,0,시설어+설계감리어,대학;센터;감리,https://www.data.go.kr/data/15085055/fileData.do
annual_procurement_plan,15085055:270,2013-00059,official_report_title_containment,0.990,0,,,,파키스탄,0,파키스탄 국립섬유대학 산업용 섬유센터 설립사업 2차사업(22·28/795만불) 공사,파키스탄 국립섬유대학 산업용 섬유센터 신축 시공,공사,KRW,2219625100,planned_bid_ceiling,발주계획 입찰한도액; 계획 변경 가능,,,,,0,입찰구분=공사+시설어;강한건축어;시설어+공사어,신축;공사;시공;대학;센터,https://www.data.go.kr/data/15085055/fileData.do
annual_procurement_plan,15085055:213,,,0.874,0,,,,파키스탄,0,파키스탄 펀잡주 물탄시티 기후변화 적응을 위한 홍수방재 마스터플랜 수립 및 우수저류시설 설치사업 설계 용역,파키스탄 펀잡주 물탄시티 기후변화 적응을 위한 홍수방재 마스터플랜 수립 및 우수저류시설 설치사업 설계 용역 현지입찰,용역,KRW,351000062,planned_bid_ceiling,발주계획 입찰한도액; 계획 변경 가능,,,,,0,시설어+설계감리어,시설;설계,https://www.data.go.kr/data/15085055/fileData.do
annual_procurement_plan,15085055:196,2022-00076,official_report_title_containment,0.990,1,L2023-00038-1;L2025-00051-1;L2025-00051-2,,,피지,0,"피지 국립재활센터 건립사업(22·27/1,000만불) 시공 용역",재활센터 시공,공사,KRW,7259095740,planned_bid_ceiling,발주계획 입찰한도액; 계획 변경 가능,,,,,0,입찰구분=공사+시설어;강한건축어;시설어+공사어,건립;시공;센터,https://www.data.go.kr/data/15085055/fileData.do
annual_procurement_plan,15085055:364,2021-00097,official_report_title_containment,0.990,1,L2023-00030-1;L2024-00036-1;L2025-00015-1;L2025-00015-2,,,피지,0,피지 농업공존형 태양광 발전사업(GCF)(21·24/800만불) 영농기술센터 및 농기자재 보관창고 시공,영농기술센터 및 농기자재 보관창고 시공,공사,KRW,2710764854,planned_bid_ceiling,발주계획 입찰한도액; 계획 변경 가능,,,,,0,입찰구분=공사+시설어;시설어+공사어,시공;센터,https://www.data.go.kr/data/15085055/fileData.do
annual_procurement_plan,15085055:336,,,0.517,0,,,,필리핀,0,필리핀 경찰청 범죄수사정보 통합관리 시스템 구축 사업 시스템 감리 용역,․ 범죄수사통합관리시스템 구축  데이터클라우드센터 구축 사업  감리 실시,용역,KRW,300000000,planned_bid_ceiling,발주계획 입찰한도액; 계획 변경 가능,,,,,0,시설어+설계감리어,센터;감리,https://www.data.go.kr/data/15085055/fileData.do
annual_procurement_plan,15085055:260,2022-00069,existing_db_title_containment,0.990,1,L2025-00059-1;L2025-00075-1;L2025-00094-1,,,필리핀,0,"필리핀 기마라스주 수산양식 역량강화를 통한 양식어민 소득증대 지원사업('22·'28/1,000만불)현지 설계 입찰",수산양식 인프라 건축 및 시설 구축,공사,KRW,404540000,planned_bid_ceiling,발주계획 입찰한도액; 계획 변경 가능,,,,,0,입찰구분=공사+시설어;시설어+설계감리어,시설;설계,https://www.data.go.kr/data/15085055/fileData.do
annual_procurement_plan,15085055:259,2022-00069,existing_db_title_containment,0.990,1,L2025-00059-1;L2025-00075-1;L2025-00094-1,,,필리핀,0,"필리핀 기마라스주 수산양식 역량강화를 통한 양식어민 소득증대 지원사업('22·'28/1,000만불)현지 시공 입찰",수산양식 인프라 건축 및 시설 구축,공사,KRW,2022700000,planned_bid_ceiling,발주계획 입찰한도액; 계획 변경 가능,,,,,0,입찰구분=공사+시설어;시설어+공사어,시공;시설,https://www.data.go.kr/data/15085055/fileData.do
annual_procurement_plan,15085055:330,,,0.455,0,,,,필리핀,0,"필리핀 팔라완 지역 식량 안보 및 기후변화 대응을 위한 환경자원정보시스템 개발 사업('24·'28/1,000만불)","· 사업 총괄 관리· 환경자원정보 시스템(ENRIS) 구축 지원· 고밀도 관측망 및 통합 모니터링 센터 설계, 선정, 검토· 인력 역량 강화 · ENRIS 정보화 마스터플랜",용역,KRW,2799888628,planned_bid_ceiling,발주계획 입찰한도액; 계획 변경 가능,,,,,0,시설어+설계감리어,센터;설계,https://www.data.go.kr/data/15085055/fileData.do
country_project_reports,15052832:655,2011-00050,source_direct,1.000,0,,,,,0,수단 농업기술훈련원 건립사업('11-'18/666만불)...,,,USD,6660000,whole_program_budget_from_title,사업명에 표시된 KOICA 전체 사업예산; 건축공사비 아님,,,,,0,강한건축어,건립;훈련원,https://www.oda.go.kr/opo/bsin/bsnsSumryDocDetail.do?P_BSNS_NO=2011-00050
country_project_reports,15052832:625,2013-00020,source_direct,1.000,0,,,,,0,아이티 까라꼴 의류기술 훈련원 건립사업('13-'17/373만불)...,,,USD,3730000,whole_program_budget_from_title,사업명에 표시된 KOICA 전체 사업예산; 건축공사비 아님,,,,,0,강한건축어,건립;훈련원,https://www.oda.go.kr/opo/bsin/bsnsSumryDocDetail.do?P_BSNS_NO=2013-00020
country_project_reports,15052832:197,2021-00070,source_direct,1.000,0,,,,,0,"한-메콩 생물다양성 센터 건립 및 역량강화사업('21-'26/1,000만...",,,,,,,,,,,0,강한건축어,건립;센터,https://www.oda.go.kr/opo/bsin/bsnsSumryDocDetail.do?P_BSNS_NO=2021-00070
country_project_reports,15052832:447,2016-00042,source_direct,1.000,0,,,,DR콩고,0,"DR콩고 국립박물관 건립사업('12-'20/2,100만불)...",,,USD,21000000,whole_program_budget_from_title,사업명에 표시된 KOICA 전체 사업예산; 건축공사비 아님,,,,,0,강한건축어,건립,https://www.oda.go.kr/opo/bsin/bsnsSumryDocDetail.do?P_BSNS_NO=2016-00042
country_project_reports,15052832:219,2021-00016,source_direct,1.000,1,L2025-00018-1;L2025-00048-1;L2025-00063-1,,,가나,0,가나대학교 연구 및 ICT 혁신센터 건립 사업('21-'25/900만불)...,,,USD,9000000,whole_program_budget_from_title,사업명에 표시된 KOICA 전체 사업예산; 건축공사비 아님,,,,,0,강한건축어,건립;대학;센터;학교,https://www.oda.go.kr/opo/bsin/bsnsSumryDocDetail.do?P_BSNS_NO=2021-00016
country_project_reports,15052832:345,2017-07115,source_direct,1.000,1,L2018-00015-1;L2019-00021-1,,,가나,0,우즈벡 페르가나 직업훈련원 건립사업('18-'22/983만불)  ...,,,USD,9830000,whole_program_budget_from_title,사업명에 표시된 KOICA 전체 사업예산; 건축공사비 아님,,,,,0,강한건축어,건립;훈련원,https://www.oda.go.kr/opo/bsin/bsnsSumryDocDetail.do?P_BSNS_NO=2017-07115
country_project_reports,15052832:464,2016-00021,source_direct,1.000,1,L2018-00009-1,,,나이지리아,0,"나이지리아 초중등시범학교단지 건립사업('13-'19/1,500만불)...",,,USD,15000000,whole_program_budget_from_title,사업명에 표시된 KOICA 전체 사업예산; 건축공사비 아님,,,,,0,강한건축어,건립;학교,https://www.oda.go.kr/opo/bsin/bsnsSumryDocDetail.do?P_BSNS_NO=2016-00021
country_project_reports,15052832:9,2024-00053,source_direct,1.000,1,L2025-00086-1,,,네팔,0,네팔 Province4 직업교육학교 건립사업('24-'30/900만불),,,USD,9000000,whole_program_budget_from_title,사업명에 표시된 KOICA 전체 사업예산; 건축공사비 아님,,,,,0,강한건축어,건립;학교,https://www.oda.go.kr/opo/bsin/bsnsSumryDocDetail.do?P_BSNS_NO=2024-00053
country_project_reports,15052832:21,2026-00044,source_direct,1.000,0,,,,모잠비크,0,"모잠비크 마푸토 카템베 지역병원 건립사업('26-'30/1,340만불)",,,USD,13400000,whole_program_budget_from_title,사업명에 표시된 KOICA 전체 사업예산; 건축공사비 아님,,,,,0,강한건축어,건립;병원,https://www.oda.go.kr/opo/bsin/bsnsSumryDocDetail.do?P_BSNS_NO=2026-00044
country_project_reports,15052832:217,2021-00018,source_direct,1.000,1,L2023-00050-1;L2023-00075-1,,,몽골,0,몽골 철도교통관제센터 건립 및  운영 역량강화를 통한 철도교통 경쟁력 강...,,,,,,,,,,,0,강한건축어,건립;센터,https://www.oda.go.kr/opo/bsin/bsnsSumryDocDetail.do?P_BSNS_NO=2021-00018
country_project_reports,15052832:581,2014-00008,source_direct,1.000,0,,,,에콰도르,0,에콰도르 과야스주 보건의료센터 건립 및 의료인력 역량강화사업('14-'2...,,,,,,,,,,,0,강한건축어,건립;센터,https://www.oda.go.kr/opo/bsin/bsnsSumryDocDetail.do?P_BSNS_NO=2014-00008
country_project_reports,15052832:254,2020-00073,source_direct,1.000,1,L2022-00027-1,,,에콰도르,0,에콰도르 키토시 혁신센터 건립을 통한 창업 및 기업혁신 지원체계 강화 사...,,,,,,,,,,,0,강한건축어,건립;센터,https://www.oda.go.kr/opo/bsin/bsnsSumryDocDetail.do?P_BSNS_NO=2020-00073
country_project_reports,15052832:665,2011-00023,source_direct,1.000,0,,,,에티오피아,0,에티오피아 아드와시 중학교 건립사업('11-'17/420만불)...,,,USD,4200000,whole_program_budget_from_title,사업명에 표시된 KOICA 전체 사업예산; 건축공사비 아님,,,,,0,강한건축어,건립;학교,https://www.oda.go.kr/opo/bsin/bsnsSumryDocDetail.do?P_BSNS_NO=2011-00023
country_project_reports,15052832:621,2013-00027,source_direct,1.000,0,,,,에티오피아,0,에티오피아 티그라이주 직업훈련학교 건립사업('13-'19/687만불)...,,,USD,6870000,whole_program_budget_from_title,사업명에 표시된 KOICA 전체 사업예산; 건축공사비 아님,,,,,0,강한건축어,건립;학교,https://www.oda.go.kr/opo/bsin/bsnsSumryDocDetail.do?P_BSNS_NO=2013-00027
country_project_reports,15052832:635,2013-00009,source_direct,1.000,0,,,,엘살바도르,0,엘살바도르 한-엘 의료센터 건립사업('13-'20/355만불)...,,,USD,3550000,whole_program_budget_from_title,사업명에 표시된 KOICA 전체 사업예산; 건축공사비 아님,,,,,0,강한건축어,건립;센터,https://www.oda.go.kr/opo/bsin/bsnsSumryDocDetail.do?P_BSNS_NO=2013-00009
country_project_reports,15052832:583,2014-00004,source_direct,1.000,0,,,,요르단,0,요르단 3개 지역 보건소 건립사업('14-'19/516만불)...,,,USD,5160000,whole_program_budget_from_title,사업명에 표시된 KOICA 전체 사업예산; 건축공사비 아님,,,,,0,강한건축어,건립;보건소,https://www.oda.go.kr/opo/bsin/bsnsSumryDocDetail.do?P_BSNS_NO=2014-00004
country_project_reports,15052832:400,2016-00206,source_direct,1.000,1,L2018-00005-1;L2018-00020-1;L2019-00043-1;L2020-00007-1,,,요르단,0,요르단 시리아 난민 밀집지역 취약계층 아동을 위한 3개 학교 건립사업('...,,,,,,,,,,,0,강한건축어,건립;학교,https://www.oda.go.kr/opo/bsin/bsnsSumryDocDetail.do?P_BSNS_NO=2016-00206
country_project_reports,15052832:573,2014-00019,source_direct,1.000,0,,,,요르단,0,요르단 청각장애 특수학교 건립사업('14-'17/520만불)...,,,USD,5200000,whole_program_budget_from_title,사업명에 표시된 KOICA 전체 사업예산; 건축공사비 아님,,,,,0,강한건축어,건립;학교,https://www.oda.go.kr/opo/bsin/bsnsSumryDocDetail.do?P_BSNS_NO=2014-00019
country_project_reports,15052832:189,2021-00085,source_direct,1.000,1,L2023-00065-1,,,우즈베키스탄,0,우즈베키스탄 교수학습개발복합센터 건립을 통한 유아교사 역량강화사업('21...,,,,,,,,,,,0,강한건축어,건립;센터,https://www.oda.go.kr/opo/bsin/bsnsSumryDocDetail.do?P_BSNS_NO=2021-00085
country_project_reports,15052832:247,2020-00086,source_direct,1.000,1,L2022-00003-1;L2023-00007-1;L2023-00036-1;L2023-00053-1,,,우즈베키스탄,0,우즈베키스탄 우르겐치 직업훈련원 건립 및 직업훈련 제도역량 공고화 지원 ...,,,,,,,,,,,0,강한건축어,건립;훈련원,https://www.oda.go.kr/opo/bsin/bsnsSumryDocDetail.do?P_BSNS_NO=2020-00086
country_project_reports,15052832:224,2020-00119,source_direct,1.000,1,L2025-00070-1;L2025-00071-1;L2025-00085-1,,,이라크,0,"이라크 한-이라크 심장병 어린이 전문 병원 건립사업(`20-`25/2,5...",,,,,,,,,,,0,강한건축어,건립;병원,https://www.oda.go.kr/opo/bsin/bsnsSumryDocDetail.do?P_BSNS_NO=2020-00119
country_project_reports,15052832:463,2016-00022,source_direct,1.000,0,,,,카메룬,0,카메룬 국립직업훈련교육원 건립사업(`13-`21/680만불)...,,,USD,6800000,whole_program_budget_from_title,사업명에 표시된 KOICA 전체 사업예산; 건축공사비 아님,,,,,0,강한건축어,건립;교육원,https://www.oda.go.kr/opo/bsin/bsnsSumryDocDetail.do?P_BSNS_NO=2016-00022
country_project_reports,15052832:133,2022-00027,source_direct,1.000,1,L2025-00073-1,,,캄보디아,0,"캄보디아 국립소아병원 내과계 병동건립 및 의료인력 역량강화사업('22-'27/1,600만불)",,,USD,16000000,whole_program_budget_from_title,사업명에 표시된 KOICA 전체 사업예산; 건축공사비 아님,,,,,0,강한건축어,건립;병원,https://www.oda.go.kr/opo/bsin/bsnsSumryDocDetail.do?P_BSNS_NO=2022-00027
country_project_reports,15052832:603,2013-00054,source_direct,1.000,0,,,,캄보디아,0,"캄보디아 민간항공 관리역량 제고 및 교육센터 건립사업('13-'18/1,...",,,,,,,,,,,0,강한건축어,건립;센터,https://www.oda.go.kr/opo/bsin/bsnsSumryDocDetail.do?P_BSNS_NO=2013-00054
country_project_reports,15052832:516,2015-00019,source_direct,1.000,1,L2021-00022-1;L2021-00028-1,,,코트디부아르,0,코트디부아르 한-코 협력센터 건립사업(15-20/950만불)...,,,USD,9500000,whole_program_budget_from_title,사업명에 표시된 KOICA 전체 사업예산; 건축공사비 아님,,,,,0,강한건축어,건립;센터,https://www.oda.go.kr/opo/bsin/bsnsSumryDocDetail.do?P_BSNS_NO=2015-00019
country_project_reports,15052832:673,2007-00015,source_direct,1.000,0,,,,콜롬비아,0,"콜롬비아 한-콜롬비아 우호재활센터 건립사업('07-'16/1,150만불)...",,,USD,11500000,whole_program_budget_from_title,사업명에 표시된 KOICA 전체 사업예산; 건축공사비 아님,,,,,0,강한건축어,건립;센터,https://www.oda.go.kr/opo/bsin/bsnsSumryDocDetail.do?P_BSNS_NO=2007-00015
country_project_reports,15052832:672,2008-00040,source_direct,1.000,0,,,,파라과이,0,파라과이 아순시온시 취약아동 청소년 재활훈련원 건립사업('08-'10/1...,,,,,,,,,,,0,강한건축어,건립;훈련원,https://www.oda.go.kr/opo/bsin/bsnsSumryDocDetail.do?P_BSNS_NO=2008-00040
country_project_reports,15052832:614,2013-00034,source_direct,1.000,0,,,,팔레스타인,0,팔레스타인 제닌 청소년센터 건립사업('13-'18/360만불)...,,,USD,3600000,whole_program_budget_from_title,사업명에 표시된 KOICA 전체 사업예산; 건축공사비 아님,,,,,0,강한건축어,건립;센터,https://www.oda.go.kr/opo/bsin/bsnsSumryDocDetail.do?P_BSNS_NO=2013-00034
country_project_reports,15052832:116,2022-00076,source_direct,1.000,1,L2023-00038-1;L2025-00051-1;L2025-00051-2,,,피지,0,"피지 국립재활센터 건립사업('22-'27/1,000만불)",,,USD,10000000,whole_program_budget_from_title,사업명에 표시된 KOICA 전체 사업예산; 건축공사비 아님,,,,,0,강한건축어,건립;센터,https://www.oda.go.kr/opo/bsin/bsnsSumryDocDetail.do?P_BSNS_NO=2022-00076
