country_ko,country_best_project_grade,country_sample_sufficiency,candidate_project_count,grade_a_projects,grade_b_projects,grade_c_projects,screening_c_projects,unresolved_u_projects,direct_estimate_project_count,quantity_only_project_count,linked_bid_count,indexed_attachment_count,note
가나,A,가격사례 부족: 사업별 기준점만 가능,2,1,0,1,0,1,1,0,5,20,최고등급은 해당 국가의 최소 1개 사업 근거이며 국가 대표단가를 뜻하지 않음
이라크,A,가격사례 부족: 사업별 기준점만 가능,2,1,1,0,0,0,1,1,7,175,최고등급은 해당 국가의 최소 1개 사업 근거이며 국가 대표단가를 뜻하지 않음
도미니카공화국,B,수량사례만 있음: 현지단가 필요,1,0,1,0,0,0,0,1,7,94,최고등급은 해당 국가의 최소 1개 사업 근거이며 국가 대표단가를 뜻하지 않음
볼리비아,B,수량사례만 있음: 현지단가 필요,6,0,1,5,0,5,0,1,13,194,최고등급은 해당 국가의 최소 1개 사업 근거이며 국가 대표단가를 뜻하지 않음
우즈베키스탄,B,수량사례만 있음: 현지단가 필요,3,0,1,2,0,2,0,1,5,623,최고등급은 해당 국가의 최소 1개 사업 근거이며 국가 대표단가를 뜻하지 않음
캄보디아,B,수량사례만 있음: 현지단가 필요,3,0,1,2,0,2,0,1,2,28,최고등급은 해당 국가의 최소 1개 사업 근거이며 국가 대표단가를 뜻하지 않음
피지,B,수량사례만 있음: 현지단가 필요,2,0,1,1,0,1,0,1,7,48,최고등급은 해당 국가의 최소 1개 사업 근거이며 국가 대표단가를 뜻하지 않음
DR콩고,C,직접 산정근거 없음: 문서추적·원단위 스크리닝만,2,0,0,2,0,2,0,0,0,0,최고등급은 해당 국가의 최소 1개 사업 근거이며 국가 대표단가를 뜻하지 않음
과테말라,C,직접 산정근거 없음: 문서추적·원단위 스크리닝만,1,0,0,1,0,1,0,0,0,0,최고등급은 해당 국가의 최소 1개 사업 근거이며 국가 대표단가를 뜻하지 않음
나이지리아,C,직접 산정근거 없음: 문서추적·원단위 스크리닝만,1,0,0,1,0,1,0,0,1,0,최고등급은 해당 국가의 최소 1개 사업 근거이며 국가 대표단가를 뜻하지 않음
네팔,C,직접 산정근거 없음: 문서추적·원단위 스크리닝만,1,0,0,1,0,1,0,0,1,0,최고등급은 해당 국가의 최소 1개 사업 근거이며 국가 대표단가를 뜻하지 않음
동티모르,C,직접 산정근거 없음: 문서추적·원단위 스크리닝만,1,0,0,1,0,1,0,0,0,0,최고등급은 해당 국가의 최소 1개 사업 근거이며 국가 대표단가를 뜻하지 않음
모잠비크,C,직접 산정근거 없음: 문서추적·원단위 스크리닝만,3,0,0,3,0,3,0,0,0,0,최고등급은 해당 국가의 최소 1개 사업 근거이며 국가 대표단가를 뜻하지 않음
몽골,C,직접 산정근거 없음: 문서추적·원단위 스크리닝만,2,0,0,2,0,2,0,0,2,6,최고등급은 해당 국가의 최소 1개 사업 근거이며 국가 대표단가를 뜻하지 않음
미상,C,직접 산정근거 없음: 문서추적·원단위 스크리닝만,3,0,0,3,0,3,0,0,0,0,최고등급은 해당 국가의 최소 1개 사업 근거이며 국가 대표단가를 뜻하지 않음
방글라데시,C,직접 산정근거 없음: 문서추적·원단위 스크리닝만,1,0,0,1,0,1,0,0,0,0,최고등급은 해당 국가의 최소 1개 사업 근거이며 국가 대표단가를 뜻하지 않음
베트남,C,직접 산정근거 없음: 문서추적·원단위 스크리닝만,5,0,0,5,0,5,0,0,0,0,최고등급은 해당 국가의 최소 1개 사업 근거이며 국가 대표단가를 뜻하지 않음
세네갈,C,직접 산정근거 없음: 문서추적·원단위 스크리닝만,5,0,0,5,0,5,0,0,8,24,최고등급은 해당 국가의 최소 1개 사업 근거이며 국가 대표단가를 뜻하지 않음
솔로몬군도,C,직접 산정근거 없음: 문서추적·원단위 스크리닝만,1,0,0,1,0,1,0,0,0,0,최고등급은 해당 국가의 최소 1개 사업 근거이며 국가 대표단가를 뜻하지 않음
알제리,C,직접 산정근거 없음: 문서추적·원단위 스크리닝만,1,0,0,1,0,1,0,0,1,1,최고등급은 해당 국가의 최소 1개 사업 근거이며 국가 대표단가를 뜻하지 않음
에콰도르,C,직접 산정근거 없음: 문서추적·원단위 스크리닝만,4,0,0,4,0,4,0,0,2,8,최고등급은 해당 국가의 최소 1개 사업 근거이며 국가 대표단가를 뜻하지 않음
에티오피아,C,직접 산정근거 없음: 문서추적·원단위 스크리닝만,3,0,0,3,0,3,0,0,0,0,최고등급은 해당 국가의 최소 1개 사업 근거이며 국가 대표단가를 뜻하지 않음
엘살바도르,C,직접 산정근거 없음: 문서추적·원단위 스크리닝만,2,0,0,2,0,2,0,0,0,0,최고등급은 해당 국가의 최소 1개 사업 근거이며 국가 대표단가를 뜻하지 않음
요르단,C,직접 산정근거 없음: 문서추적·원단위 스크리닝만,3,0,0,3,0,3,0,0,4,0,최고등급은 해당 국가의 최소 1개 사업 근거이며 국가 대표단가를 뜻하지 않음
우간다,C,직접 산정근거 없음: 문서추적·원단위 스크리닝만,6,0,0,6,0,6,0,0,5,67,최고등급은 해당 국가의 최소 1개 사업 근거이며 국가 대표단가를 뜻하지 않음
우크라이나,C,직접 산정근거 없음: 문서추적·원단위 스크리닝만,2,0,0,2,0,2,0,0,2,2,최고등급은 해당 국가의 최소 1개 사업 근거이며 국가 대표단가를 뜻하지 않음
인도네시아,C,직접 산정근거 없음: 문서추적·원단위 스크리닝만,4,0,0,4,2,2,0,0,9,40,최고등급은 해당 국가의 최소 1개 사업 근거이며 국가 대표단가를 뜻하지 않음
카메룬,C,직접 산정근거 없음: 문서추적·원단위 스크리닝만,3,0,0,3,0,3,0,0,4,0,최고등급은 해당 국가의 최소 1개 사업 근거이며 국가 대표단가를 뜻하지 않음
케냐,C,직접 산정근거 없음: 문서추적·원단위 스크리닝만,2,0,0,2,0,2,0,0,0,0,최고등급은 해당 국가의 최소 1개 사업 근거이며 국가 대표단가를 뜻하지 않음
코트디부아르,C,직접 산정근거 없음: 문서추적·원단위 스크리닝만,3,0,0,3,0,3,0,0,7,113,최고등급은 해당 국가의 최소 1개 사업 근거이며 국가 대표단가를 뜻하지 않음
콜롬비아,C,직접 산정근거 없음: 문서추적·원단위 스크리닝만,2,0,0,2,0,2,0,0,0,0,최고등급은 해당 국가의 최소 1개 사업 근거이며 국가 대표단가를 뜻하지 않음
키르기스스탄,C,직접 산정근거 없음: 문서추적·원단위 스크리닝만,4,0,0,4,1,3,0,0,8,137,최고등급은 해당 국가의 최소 1개 사업 근거이며 국가 대표단가를 뜻하지 않음
타지키스탄,C,직접 산정근거 없음: 문서추적·원단위 스크리닝만,1,0,0,1,0,1,0,0,0,0,최고등급은 해당 국가의 최소 1개 사업 근거이며 국가 대표단가를 뜻하지 않음
탄자니아,C,직접 산정근거 없음: 문서추적·원단위 스크리닝만,3,0,0,3,0,3,0,0,1,17,최고등급은 해당 국가의 최소 1개 사업 근거이며 국가 대표단가를 뜻하지 않음
튀니지,C,직접 산정근거 없음: 문서추적·원단위 스크리닝만,1,0,0,1,0,1,0,0,0,0,최고등급은 해당 국가의 최소 1개 사업 근거이며 국가 대표단가를 뜻하지 않음
파라과이,C,직접 산정근거 없음: 문서추적·원단위 스크리닝만,1,0,0,1,0,1,0,0,0,0,최고등급은 해당 국가의 최소 1개 사업 근거이며 국가 대표단가를 뜻하지 않음
파키스탄,C,직접 산정근거 없음: 문서추적·원단위 스크리닝만,2,0,0,2,0,2,0,0,1,16,최고등급은 해당 국가의 최소 1개 사업 근거이며 국가 대표단가를 뜻하지 않음
팔레스타인,C,직접 산정근거 없음: 문서추적·원단위 스크리닝만,1,0,0,1,0,1,0,0,0,0,최고등급은 해당 국가의 최소 1개 사업 근거이며 국가 대표단가를 뜻하지 않음
필리핀,C,직접 산정근거 없음: 문서추적·원단위 스크리닝만,3,0,0,3,0,3,0,0,3,29,최고등급은 해당 국가의 최소 1개 사업 근거이며 국가 대표단가를 뜻하지 않음
